timestamp,price,hour,day_of_week,day_of_month,day_of_year,week_of_year,month,quarter,is_weekend,hour_sin,hour_cos,weekday_sin,weekday_cos,month_sin,month_cos,price_lag_1,price_lag_2,price_lag_3,price_lag_6,price_lag_12,price_lag_24,price_lag_48,price_lag_72,price_lag_168,price_mean_3,price_std_3,price_min_3,price_max_3,price_mean_6,price_std_6,price_min_6,price_max_6,price_mean_12,price_std_12,price_min_12,price_max_12,price_mean_24,price_std_24,price_min_24,price_max_24,price_mean_48,price_std_48,price_min_48,price_max_48,price_mean_168,price_std_168,price_min_168,price_max_168,price_change_1h,price_change_24h,price_momentum_6h,price_volatility_24h
2025-01-08 00:00:00+00:00,38.31,0,2,8,8,2,1,1,0,0.0,1.0,0.9749279121818236,-0.22252093395631434,0.49999999999999994,0.8660254037844387,45.84,44.74,44.71,45.58,33.69,39.67,41.1,35.97,40.88,45.09666666666667,0.6439202849226333,44.71,45.84,44.821666666666665,1.6973322204763863,41.63,46.43,40.348333333333336,5.64926195233153,31.04,46.43,34.552083333333336,8.01497293340336,22.32,46.43,34.22666666666667,7.897158210484229,21.59,47.05,33.354166666666664,9.801639384854886,3.23,104.58,1.1000000000000014,4.180000000000007,2.780000000000001,8.01497293340336
2025-01-08 01:00:00+00:00,34.63,1,2,8,8,2,1,1,0,0.25881904510252074,0.9659258262890683,0.9749279121818236,-0.22252093395631434,0.49999999999999994,0.8660254037844387,38.31,45.84,44.74,41.63,32.62,38.57,34.44,33.47,36.88,42.96333333333333,4.067263617388818,38.31,45.84,43.61000000000001,3.079694790072654,38.31,46.43,40.733333333333334,5.300930164231617,31.04,46.43,34.495416666666664,7.981955181187928,22.32,46.43,34.16854166666666,7.855650897252473,21.59,47.05,33.33886904761905,9.791823940337016,3.23,104.58,-7.530000000000001,-1.3599999999999994,-7.269999999999996,7.981955181187928
2025-01-08 02:00:00+00:00,31.7,2,2,8,8,2,1,1,0,0.49999999999999994,0.8660254037844387,0.9749279121818236,-0.22252093395631434,0.49999999999999994,0.8660254037844387,34.63,38.31,45.84,46.43,31.04,30.93,37.63,30.24,36.26,39.593333333333334,5.714125771571244,34.63,45.84,42.443333333333335,4.816138148627729,34.63,46.43,40.90083333333333,5.046927883436228,31.04,46.43,34.33125,7.934887365300156,22.32,46.43,34.1725,7.855838457627579,21.59,47.05,33.32547619047619,9.788489684870026,3.23,104.58,-3.6799999999999997,-3.9399999999999977,-7.0,7.934887365300156
2025-01-08 03:00:00+00:00,29.29,3,2,8,8,2,1,1,0,0.7071067811865476,0.7071067811865476,0.9749279121818236,-0.22252093395631434,0.49999999999999994,0.8660254037844387,31.7,34.63,38.31,44.71,38.25,28.13,28.03,27.05,35.86,34.88,3.312083936134648,31.7,38.31,39.98833333333334,5.988981271190232,31.7,45.84,40.95583333333334,4.9319855089614855,31.7,46.43,34.36333333333334,7.922083425280341,22.32,46.43,34.04895833333334,7.84693143428673,21.59,47.05,33.29833333333333,9.786625828638815,3.23,104.58,-2.9300000000000033,0.7699999999999996,-14.73,7.922083425280341
2025-01-08 04:00:00+00:00,28.73,4,2,8,8,2,1,1,0,0.8660254037844386,0.5000000000000001,0.9749279121818236,-0.22252093395631434,0.49999999999999994,0.8660254037844387,29.29,31.7,34.63,44.74,36.59,30.33,30.59,21.69,29.05,31.873333333333335,2.674216396130721,29.29,34.63,37.41833333333333,6.809849973873682,29.29,45.84,40.20916666666667,5.951694118382424,29.29,46.43,34.41166666666667,7.8858556188012825,22.32,46.43,34.075208333333336,7.8284538267384525,21.59,47.05,33.25922619047619,9.789454548426948,3.23,104.58,-2.41,1.1600000000000001,-15.420000000000002,7.8858556188012825
2025-01-08 05:00:00+00:00,27.7,5,2,8,8,2,1,1,0,0.9659258262890683,0.25881904510252074,0.9749279121818236,-0.22252093395631434,0.49999999999999994,0.8660254037844387,28.73,29.29,31.7,45.84,43.06,27.69,32.53,22.1,26.98,29.906666666666666,1.5781106847538544,28.73,31.7,34.75,6.49662373852763,28.73,45.84,39.55416666666667,6.763363147178048,28.73,46.43,34.345,7.928509920862649,22.32,46.43,34.036458333333336,7.850644231481312,21.59,47.05,33.25732142857142,9.790309548005391,3.23,104.58,-0.5599999999999987,-1.5999999999999979,-16.01,7.928509920862649
2025-01-08 06:00:00+00:00,25.95,6,2,8,8,2,1,1,0,1.0,6.123233995736766e-17,0.9749279121818236,-0.22252093395631434,0.49999999999999994,0.8660254037844387,27.7,28.73,29.29,38.31,45.58,25.99,22.99,20.71,29.93,28.573333333333334,0.8064944719799509,27.7,29.29,31.72666666666667,4.071897182722981,27.7,38.31,38.274166666666666,7.457415416682233,27.7,46.43,34.34541666666667,7.928145229204771,22.32,46.43,33.93583333333333,7.9011555398718905,21.59,47.05,33.261607142857144,9.787702435122936,3.23,104.58,-1.0300000000000011,0.00999999999999801,-18.140000000000004,7.928145229204771
2025-01-08 07:00:00+00:00,26.33,7,2,8,8,2,1,1,0,0.9659258262890683,-0.25881904510252063,0.9749279121818236,-0.22252093395631434,0.49999999999999994,0.8660254037844387,25.95,27.7,28.73,34.63,41.63,25.23,23.05,18.56,26.9,27.459999999999997,1.4054536634129327,25.95,28.73,29.666666666666668,3.0812248646710825,25.95,34.63,36.638333333333335,7.851704891102945,25.95,46.43,34.34375,7.929982078218691,22.32,46.43,33.997499999999995,7.825093161025205,21.59,47.05,33.23791666666667,9.800622786893594,3.23,104.58,-1.75,-0.03999999999999915,-12.360000000000003,7.929982078218691
2025-01-08 08:00:00+00:00,23.95,8,2,8,8,2,1,1,0,0.8660254037844387,-0.4999999999999998,0.9749279121818236,-0.22252093395631434,0.49999999999999994,0.8660254037844387,26.33,25.95,27.7,31.7,46.43,22.32,24.37,19.82,23.47,26.659999999999997,0.9204890004778938,25.95,27.7,28.28333333333333,2.120694854680257,25.95,31.7,35.36333333333334,8.201881528409249,25.95,46.43,34.389583333333334,7.878025287312569,22.32,46.43,34.06583333333333,7.741332238232323,21.59,47.05,33.234523809523814,9.8029284277663,3.23,104.58,0.379999999999999,1.0999999999999979,-8.300000000000004,7.878025287312569
2025-01-08 09:00:00+00:00,27.9,9,2,8,8,2,1,1,0,0.7071067811865476,-0.7071067811865475,0.9749279121818236,-0.22252093395631434,0.49999999999999994,0.8660254037844387,23.95,26.33,25.95,29.29,44.71,24.94,23.21,21.58,26.34,25.409999999999997,1.2785929766742528,23.95,26.33,26.991666666666664,1.9789130012881597,23.95,29.29,33.49,8.009426264777609,23.95,45.84,34.4575,7.775812134293507,23.95,46.43,34.05708333333333,7.752753514509385,21.59,47.05,33.23738095238095,9.800134988566533,3.23,104.58,-2.379999999999999,1.629999999999999,-7.75,7.775812134293507
2025-01-08 10:00:00+00:00,24.6,10,2,8,8,2,1,1,0,0.49999999999999994,-0.8660254037844387,0.9749279121818236,-0.22252093395631434,0.49999999999999994,0.8660254037844387,27.9,23.95,26.33,28.73,44.74,26.1,21.59,26.28,24.82,26.06,1.988793604173334,23.95,27.9,26.76,1.7205348005781933,23.95,28.73,32.089166666666664,7.30797628788181,23.95,45.84,34.58083333333334,7.640588935112422,23.95,46.43,34.15479166666667,7.641900172963928,21.59,47.05,33.24666666666666,9.794297844127518,3.23,104.58,3.9499999999999993,2.9599999999999973,-1.3900000000000006,7.640588935112422
2025-01-08 11:00:00+00:00,33.65,11,2,8,8,2,1,1,0,0.258819045102521,-0.9659258262890682,0.9749279121818236,-0.22252093395631434,0.49999999999999994,0.8660254037844387,24.6,27.9,23.95,27.7,45.84,25.17,27.23,23.59,26.4,25.483333333333334,2.11797859605192,23.95,27.9,26.071666666666662,1.5964387450407562,23.95,27.9,30.410833333333333,6.393989305779661,23.95,45.84,34.51833333333334,7.718713942590196,23.95,46.43,34.217499999999994,7.548379141217967,22.32,47.05,33.245357142857145,9.795445898514629,3.23,104.58,-3.299999999999997,-1.5,-4.129999999999999,7.718713942590196
2025-01-08 12:00:00+00:00,30.49,12,2,8,8,2,1,1,0,1.2246467991473532e-16,-1.0,0.9749279121818236,-0.22252093395631434,0.49999999999999994,0.8660254037844387,33.65,24.6,27.9,25.95,38.31,33.69,26.47,25.87,30.24,28.716666666666665,4.579938136409073,24.6,33.65,27.063333333333333,3.510621977181152,23.95,33.65,29.395,4.366859699642764,23.95,38.31,34.87166666666667,7.461999188157154,23.95,46.43,34.35125,7.478487623019749,22.32,47.05,33.288511904761904,9.781067171726274,3.23,104.58,9.049999999999997,8.479999999999997,5.949999999999999,7.461999188157154
2025-01-08 13:00:00+00:00,29.19,13,2,8,8,2,1,1,0,-0.2588190451025208,-0.9659258262890683,0.9749279121818236,-0.22252093395631434,0.49999999999999994,0.8660254037844387,30.49,33.65,24.6,26.33,34.63,32.62,32.72,27.45,27.27,29.58,4.593114411812633,24.6,33.65,27.820000000000004,3.7064700187645707,23.95,33.65,28.743333333333336,3.389688463382491,23.95,34.63,34.73833333333334,7.512450342260347,23.95,46.43,34.435,7.410550271008823,22.32,47.05,33.29,9.780619600029386,3.23,104.58,-3.16,-3.1999999999999993,4.539999999999999,7.512450342260347
2025-01-08 14:00:00+00:00,31.24,14,2,8,8,2,1,1,0,-0.4999999999999997,-0.8660254037844388,0.9749279121818236,-0.22252093395631434,0.49999999999999994,0.8660254037844387,29.19,30.49,33.65,23.95,31.7,31.04,31.83,25.43,30.33,31.109999999999996,2.293730585749117,29.19,33.65,28.296666666666667,3.660140252321939,23.95,33.65,28.290000000000003,2.8519594540023205,23.95,33.65,34.595416666666665,7.586760194814599,23.95,46.43,34.36145833333334,7.445365826881799,22.32,47.05,33.30142857142857,9.774663097290158,3.23,104.58,-1.2999999999999972,-3.429999999999996,2.860000000000003,7.586760194814599
2025-01-08 15:00:00+00:00,108.32,15,2,8,8,2,1,1,0,-0.7071067811865471,-0.7071067811865479,0.9749279121818236,-0.22252093395631434,0.49999999999999994,0.8660254037844387,31.24,29.19,30.49,27.9,29.29,38.25,40.59,32.75,35.82,30.30666666666667,1.0372238588339011,29.19,31.24,29.511666666666667,3.0950115777921274,24.6,33.65,28.251666666666665,2.8046579222084373,23.95,33.65,34.60375,7.582793916951494,23.95,46.43,34.34916666666667,7.450119471649026,22.32,47.05,33.30684523809524,9.773258647895274,3.23,104.58,2.049999999999997,0.1999999999999993,7.289999999999999,7.582793916951494
2025-01-08 16:00:00+00:00,38.36,16,2,8,8,2,1,1,0,-0.8660254037844385,-0.5000000000000004,0.9749279121818236,-0.22252093395631434,0.49999999999999994,0.8660254037844387,108.32,31.24,29.19,24.6,28.73,36.59,37.17,35.38,37.11,56.25,45.10559056258993,29.19,108.32,42.915,32.18122231985604,24.6,108.32,34.8375,23.308033388824242,23.95,108.32,37.52333333333333,16.860923092649223,23.95,108.32,35.76020833333333,13.002346349562126,22.32,108.32,33.738392857142856,11.357194524243454,3.23,108.32,77.08,70.07,80.41999999999999,16.860923092649223
2025-01-08 17:00:00+00:00,42.78,17,2,8,8,2,1,1,0,-0.9659258262890683,-0.25881904510252063,0.9749279121818236,-0.22252093395631434,0.49999999999999994,0.8660254037844387,38.36,108.32,31.24,33.65,27.7,43.06,40.39,43.46,42.5,59.30666666666667,42.59581826110792,31.24,108.32,45.208333333333336,31.086678443775032,29.19,108.32,35.63999999999999,23.244328731581355,23.95,108.32,37.59708333333333,16.860534180811676,23.95,108.32,35.785,13.006225514255068,22.32,108.32,33.74583333333334,11.35982575647905,3.23,108.32,-69.96,1.769999999999996,13.759999999999998,16.860534180811676
2025-01-08 18:00:00+00:00,43.76,18,2,8,8,2,1,1,0,-1.0,-1.8369701987210297e-16,0.9749279121818236,-0.22252093395631434,0.49999999999999994,0.8660254037844387,42.78,38.36,108.32,30.49,25.95,45.58,44.82,38.41,41.03,63.15333333333333,39.17786279690784,38.36,108.32,46.73,30.627820033427138,29.19,108.32,36.89666666666667,23.183600133532224,23.95,108.32,37.58541666666667,16.856686192251964,23.95,108.32,35.83479166666667,13.028785150921216,22.32,108.32,33.7475,11.361138286881848,3.23,108.32,4.420000000000002,-0.28000000000000114,9.130000000000003,16.856686192251964
2025-01-08 19:00:00+00:00,43.4,19,2,8,8,2,1,1,0,-0.9659258262890684,0.2588190451025203,0.9749279121818236,-0.22252093395631434,0.49999999999999994,0.8660254037844387,43.76,42.78,38.36,29.19,26.33,41.63,40.71,40.64,40.77,41.63333333333333,2.8768269557508144,38.36,43.76,48.94166666666666,29.68518581155704,29.19,108.32,38.380833333333335,22.988367199850266,23.95,108.32,37.50958333333333,16.823217776055202,23.95,108.32,35.81270833333333,13.014121583647954,22.32,108.32,33.76375,11.373562510341545,3.23,108.32,0.9799999999999969,-1.8200000000000003,13.27,16.823217776055202
2025-01-08 20:00:00+00:00,41.8,20,2,8,8,2,1,1,0,-0.8660254037844386,0.5000000000000001,0.9749279121818236,-0.22252093395631434,0.49999999999999994,0.8660254037844387,43.4,43.76,42.78,31.24,23.95,46.43,44.69,40.14,48.3,43.31333333333333,0.4957149718684762,42.78,43.76,51.31,28.330121778771108,31.24,108.32,39.803333333333335,22.701226772350804,23.95,108.32,37.583333333333336,16.84593065728768,23.95,108.32,35.86875,13.041422325674285,22.32,108.32,33.77940476190476,11.38506794440243,3.23,108.32,-0.35999999999999943,1.769999999999996,14.209999999999997,16.84593065728768
2025-01-08 21:00:00+00:00,39.79,21,2,8,8,2,1,1,0,-0.7071067811865477,0.7071067811865474,0.9749279121818236,-0.22252093395631434,0.49999999999999994,0.8660254037844387,41.8,43.4,43.76,108.32,27.9,44.71,47.05,36.97,43.73,42.98666666666666,1.0433280085066983,41.8,43.76,53.06999999999999,27.13679642109586,38.36,108.32,41.29083333333333,22.14602219908632,24.6,108.32,37.39041666666666,16.766539265730284,23.95,108.32,35.80854166666666,13.006455024183154,22.32,108.32,33.74071428571428,11.34640535397888,3.23,108.32,-1.6000000000000014,-4.630000000000003,10.559999999999999,16.766539265730284
2025-01-08 22:00:00+00:00,41.47,22,2,8,8,2,1,1,0,-0.5000000000000004,0.8660254037844384,0.9749279121818236,-0.22252093395631434,0.49999999999999994,0.8660254037844387,39.79,41.8,43.4,38.36,24.6,44.74,38.77,41.74,43.47,41.663333333333334,1.808876262582519,39.79,43.4,41.64833333333333,2.1493107422305036,38.36,43.76,42.281666666666666,21.75497094013367,24.6,108.32,37.18541666666667,16.70311139439665,23.95,108.32,35.657291666666666,12.914838528258603,22.32,108.32,33.717261904761905,11.32969399898496,3.23,108.32,-2.009999999999998,-4.920000000000002,-68.53,16.70311139439665
2025-01-08 23:00:00+00:00,43.13,23,2,8,8,2,1,1,0,-0.25881904510252157,0.9659258262890681,0.9749279121818236,-0.22252093395631434,0.49999999999999994,0.8660254037844387,41.47,39.79,41.8,42.78,33.65,45.84,41.66,39.18,38.15,41.02,1.077914653393832,39.79,41.8,42.166666666666664,1.463170074416318,39.79,43.76,43.6875,21.041879074835496,29.19,108.32,37.049166666666665,16.652067091079026,23.95,108.32,35.713541666666664,12.934549065589483,22.32,108.32,33.705357142857146,11.320431843229043,3.23,108.32,1.6799999999999997,-3.270000000000003,3.1099999999999994,16.652067091079026
2025-01-09 00:00:00+00:00,39.36,0,3,9,9,2,1,1,0,0.0,1.0,0.43388373911755823,-0.900968867902419,0.49999999999999994,0.8660254037844387,43.13,41.47,39.79,43.76,30.49,38.31,39.67,41.1,38.17,41.46333333333333,1.6700099800104489,39.79,43.13,42.225,1.4990496989762512,39.79,43.76,44.4775,20.807423555068027,29.19,108.32,36.93625,16.59896875070727,23.95,108.32,35.744166666666665,12.95065821597305,22.32,108.32,33.735,11.338645432304551,3.23,108.32,1.6600000000000037,-2.710000000000001,0.3500000000000014,16.59896875070727
2025-01-09 01:00:00+00:00,33.29,1,3,9,9,2,1,1,0,0.25881904510252074,0.9659258262890683,0.43388373911755823,-0.900968867902419,0.49999999999999994,0.8660254037844387,39.36,43.13,41.47,43.4,29.19,34.63,38.57,34.44,37.4,41.32,1.889470825390314,39.36,43.13,41.49166666666667,1.6649974974958477,39.36,43.4,45.21666666666667,20.41928648621348,29.19,108.32,36.98,16.604129921040208,23.95,108.32,35.73770833333333,12.948735950726276,22.32,108.32,33.74208333333333,11.34180385985444,3.23,108.32,-3.770000000000003,1.0499999999999972,-4.399999999999999,16.604129921040208
2025-01-09 02:00:00+00:00,34.25,2,3,9,9,2,1,1,0,0.49999999999999994,0.8660254037844387,0.43388373911755823,-0.900968867902419,0.49999999999999994,0.8660254037844387,33.29,39.36,43.13,41.8,31.24,31.7,30.93,37.63,31.66,38.593333333333334,4.964598003195664,33.29,43.13,39.806666666666665,3.477106076418635,33.29,43.13,45.55833333333334,20.159388443706376,31.24,108.32,36.92416666666667,16.614625279807118,23.95,108.32,35.62770833333333,12.946590324077745,22.32,108.32,33.717619047619046,11.338298578552314,3.23,108.32,-6.07,-1.3400000000000034,-10.11,16.614625279807118
2025-01-09 03:00:00+00:00,32.2,3,3,9,9,2,1,1,0,0.7071067811865476,0.7071067811865476,0.43388373911755823,-0.900968867902419,0.49999999999999994,0.8660254037844387,34.25,33.29,39.36,39.79,108.32,29.29,28.13,28.03,32.89,35.63333333333333,3.262887269479934,33.29,39.36,38.54833333333334,3.945987413394443,33.29,43.13,45.80916666666667,19.98299070270119,33.29,108.32,37.03041666666667,16.587896446339805,23.95,108.32,35.696875,12.929816631016159,22.32,108.32,33.73303571428571,11.337244844730815,3.23,108.32,0.9600000000000009,2.5500000000000007,-7.549999999999997,16.587896446339805
2025-01-09 04:00:00+00:00,26.61,4,3,9,9,2,1,1,0,0.8660254037844386,0.5000000000000001,0.43388373911755823,-0.900968867902419,0.49999999999999994,0.8660254037844387,32.2,34.25,33.29,41.47,38.36,28.73,30.33,30.59,28.03,33.24666666666667,1.0256867618011487,32.2,34.25,37.28333333333333,4.626280003055083,32.2,43.13,39.46583333333333,4.126077728817363,32.2,43.76,37.151666666666664,16.539422119831485,23.95,108.32,35.781666666666666,12.892429633082026,22.32,108.32,33.72892857142857,11.337677054884539,3.23,108.32,-2.049999999999997,2.9100000000000037,-7.589999999999996,16.539422119831485
2025-01-09 05:00:00+00:00,27.13,5,3,9,9,2,1,1,0,0.9659258262890683,0.25881904510252074,0.43388373911755823,-0.900968867902419,0.49999999999999994,0.8660254037844387,26.61,32.2,34.25,43.13,42.78,27.7,27.69,32.53,26.74,31.02,3.9543267442133185,26.61,34.25,34.806666666666665,5.772364044883802,26.61,43.13,38.48666666666667,5.558074115985515,26.61,43.76,37.06333333333333,16.59193378321727,23.95,108.32,35.70416666666667,12.937002321945146,22.32,108.32,33.72047619047619,11.342479415579417,3.23,108.32,-5.590000000000003,-2.120000000000001,-14.86,16.59193378321727
2025-01-09 06:00:00+00:00,25.31,6,3,9,9,2,1,1,0,1.0,6.123233995736766e-17,0.43388373911755823,-0.900968867902419,0.49999999999999994,0.8660254037844387,27.13,26.61,32.2,39.36,43.76,25.95,25.99,22.99,24.37,28.646666666666665,3.0882411391168825,26.61,32.2,32.14,4.766289961804733,26.61,39.36,37.1825,6.251872628551922,26.61,43.76,37.03958333333333,16.606321080204385,23.95,108.32,35.6925,12.944633571402177,22.32,108.32,33.72279761904762,11.341082013117516,3.23,108.32,0.5199999999999996,-0.5700000000000003,-16.000000000000004,16.606321080204385
2025-01-09 07:00:00+00:00,69.53,7,3,9,9,2,1,1,0,0.9659258262890683,-0.25881904510252063,0.43388373911755823,-0.900968867902419,0.49999999999999994,0.8660254037844387,25.31,27.13,26.61,33.29,43.4,26.33,25.23,23.05,29.51,26.349999999999998,0.937443331620907,25.31,27.13,29.798333333333336,3.878341999703893,25.31,34.25,35.645,6.73708124014874,25.31,43.4,37.01291666666667,16.625406037321227,23.95,108.32,35.678333333333335,12.955845199086587,22.32,108.32,33.72839285714286,11.336671106320528,3.23,108.32,-1.8200000000000003,-0.6400000000000006,-14.05,16.625406037321227
2025-01-09 08:00:00+00:00,24.71,8,3,9,9,2,1,1,0,0.8660254037844387,-0.4999999999999998,0.43388373911755823,-0.900968867902419,0.49999999999999994,0.8660254037844387,69.53,25.31,27.13,34.25,41.8,23.95,22.32,24.37,24.5,40.656666666666666,25.02159334121899,25.31,69.53,35.83833333333333,16.86850131655647,25.31,69.53,37.8225,11.795322744052575,25.31,69.53,38.812916666666666,17.720990864230615,23.95,108.32,36.60125,13.74928773783836,22.32,108.32,33.96660714285714,11.663260697430886,3.23,108.32,44.22,43.2,36.24,17.720990864230615
2025-01-09 09:00:00+00:00,25.56,9,3,9,9,2,1,1,0,0.7071067811865476,-0.7071067811865475,0.43388373911755823,-0.900968867902419,0.49999999999999994,0.8660254037844387,24.71,69.53,25.31,32.2,39.79,27.9,24.94,23.21,22.23,39.85,25.705384649913352,24.71,69.53,34.248333333333335,17.486452375100768,24.71,69.53,36.39833333333333,12.292659179240678,24.71,69.53,38.84458333333333,17.69393508943885,24.6,108.32,36.651041666666664,13.700710998724384,23.95,108.32,33.96785714285714,11.662251256198482,3.23,108.32,-44.82,0.7600000000000016,-9.54,17.69393508943885
2025-01-09 10:00:00+00:00,27.87,10,3,9,9,2,1,1,0,0.49999999999999994,-0.8660254037844387,0.43388373911755823,-0.900968867902419,0.49999999999999994,0.8660254037844387,25.56,24.71,69.53,26.61,41.47,24.6,26.1,21.59,27.93,39.93333333333333,25.634988459785472,24.71,69.53,33.14166666666667,17.8483796650191,24.71,69.53,35.2125,12.617793442739378,24.71,69.53,38.74708333333333,17.763177467218078,24.6,108.32,36.66395833333333,13.689723081230682,23.95,108.32,33.987678571428575,11.64499897662194,3.23,108.32,0.8499999999999979,-2.34,-6.640000000000004,17.763177467218078
2025-01-09 11:00:00+00:00,29.38,11,3,9,9,2,1,1,0,0.258819045102521,-0.9659258262890682,0.43388373911755823,-0.900968867902419,0.49999999999999994,0.8660254037844387,27.87,25.56,24.71,27.13,43.13,33.65,25.17,27.23,24.41,26.046666666666667,1.6352471780540998,24.71,27.87,33.35166666666667,17.763369518947336,24.71,69.53,34.07916666666667,12.615425232146531,24.71,69.53,38.88333333333333,17.66220028310685,24.71,108.32,36.70083333333333,13.663020106832757,23.95,108.32,33.98732142857143,11.645186791847651,3.23,108.32,2.3100000000000023,3.2699999999999996,1.2600000000000016,17.66220028310685
2025-01-09 12:00:00+00:00,25.38,12,3,9,9,2,1,1,0,1.2246467991473532e-16,-1.0,0.43388373911755823,-0.900968867902419,0.49999999999999994,0.8660254037844387,29.38,27.87,25.56,25.31,39.36,30.49,33.69,26.47,30.06,27.603333333333335,1.9239109473502016,25.56,29.38,33.72666666666667,17.628997324484093,24.71,69.53,32.93333333333334,12.340059918326142,24.71,69.53,38.705416666666665,17.73855074202896,24.71,108.32,36.78854166666667,13.600795344325524,23.95,108.32,34.01690476190476,11.627009642912673,3.23,108.32,1.509999999999998,-4.27,2.25,17.73855074202896
2025-01-09 13:00:00+00:00,28.89,13,3,9,9,2,1,1,0,-0.2588190451025208,-0.9659258262890683,0.43388373911755823,-0.900968867902419,0.49999999999999994,0.8660254037844387,25.38,29.38,27.87,69.53,33.29,29.19,32.62,32.72,27.05,27.543333333333333,2.0199092388852398,25.38,29.38,33.73833333333334,17.622335164973663,24.71,69.53,31.768333333333334,12.338085775599929,24.71,69.53,38.4925,17.871616858315722,24.71,108.32,36.61541666666667,13.693648156086637,23.95,108.32,33.98904761904762,11.642143311433093,3.23,108.32,-4.0,-5.109999999999999,0.07000000000000028,17.871616858315722
2025-01-09 14:00:00+00:00,35.11,14,3,9,9,2,1,1,0,-0.4999999999999997,-0.8660254037844388,0.43388373911755823,-0.900968867902419,0.49999999999999994,0.8660254037844387,28.89,25.38,29.38,24.71,34.25,31.24,31.04,31.83,31.22,27.883333333333336,2.1817500620680548,25.38,29.38,26.965,1.9964042676773657,24.71,29.38,31.401666666666667,12.354123222878318,24.71,69.53,38.48,17.878509810481358,24.71,108.32,36.537708333333335,13.727345629828806,23.95,108.32,34.0,11.636440388287973,3.23,108.32,3.5100000000000016,-0.3000000000000007,-40.64,17.878509810481358
2025-01-09 15:00:00+00:00,37.69,15,3,9,9,2,1,1,0,-0.7071067811865471,-0.7071067811865479,0.43388373911755823,-0.900968867902419,0.49999999999999994,0.8660254037844387,35.11,28.89,25.38,25.56,32.2,108.32,38.25,40.59,37.62,29.793333333333333,4.927497674614776,25.38,35.11,28.698333333333334,3.5540816910514463,25.38,35.11,31.473333333333333,12.374626042712176,24.71,69.53,38.64125,17.82775176942325,24.71,108.32,36.622499999999995,13.705216664824643,23.95,108.32,34.02315476190476,11.634745616331436,3.23,108.32,6.219999999999999,3.870000000000001,10.399999999999999,17.82775176942325
2025-01-09 16:00:00+00:00,40.11,16,3,9,9,2,1,1,0,-0.8660254037844385,-0.5000000000000004,0.43388373911755823,-0.900968867902419,0.49999999999999994,0.8660254037844387,37.69,35.11,28.89,27.87,26.61,38.36,36.59,37.17,41.38,33.89666666666667,4.523730024364202,28.89,37.69,30.72,4.682640280867246,25.38,37.69,31.930833333333336,12.504734709361724,24.71,69.53,35.69833333333333,9.886264809525283,24.71,69.53,36.61083333333333,13.704040067965252,23.95,108.32,34.02357142857143,11.63487645154737,3.23,108.32,2.5799999999999983,-70.63,12.129999999999999,9.886264809525283
2025-01-09 17:00:00+00:00,50.52,17,3,9,9,2,1,1,0,-0.9659258262890683,-0.25881904510252063,0.43388373911755823,-0.900968867902419,0.49999999999999994,0.8660254037844387,40.11,37.69,35.11,29.38,27.13,42.78,43.06,40.39,42.04,37.63666666666666,2.500426630264185,35.11,40.11,32.76,5.739609742830998,25.38,40.11,33.05583333333333,12.589506061747954,24.71,69.53,35.77125,9.913166612269194,24.71,69.53,36.68416666666666,13.713341203016663,23.95,108.32,34.01601190476191,11.630479888765173,3.23,108.32,2.4200000000000017,1.75,12.239999999999998,9.913166612269194
2025-01-09 18:00:00+00:00,86.54,18,3,9,9,2,1,1,0,-1.0,-1.8369701987210297e-16,0.43388373911755823,-0.900968867902419,0.49999999999999994,0.8660254037844387,50.52,40.11,37.69,25.38,25.31,43.76,45.58,44.82,42.91,42.77333333333333,6.817054593688873,37.69,50.52,36.28333333333333,8.879476711308344,25.38,50.52,35.005,13.374816566286759,24.71,69.53,36.09375,10.270550898606635,24.71,69.53,36.83958333333333,13.828923429788388,23.95,108.32,34.06648809523809,11.683791841020128,3.23,108.32,10.410000000000004,7.740000000000002,21.140000000000004,10.270550898606635
2025-01-09 19:00:00+00:00,46.32,19,3,9,9,2,1,1,0,-0.9659258262890684,0.2588190451025203,0.43388373911755823,-0.900968867902419,0.49999999999999994,0.8660254037844387,86.54,50.52,40.11,28.89,69.53,43.4,41.63,40.71,43.44,59.05666666666667,24.363748343252425,40.11,86.54,46.47666666666667,20.869360954918275,28.89,86.54,40.1075,19.58009198836225,24.71,86.54,37.87625,14.500276402912792,24.71,86.54,37.69291666666667,15.537889716559697,23.95,108.32,34.326190476190476,12.347577658123141,3.23,108.32,36.02,42.78000000000001,61.16000000000001,14.500276402912792
2025-01-09 20:00:00+00:00,46.2,20,3,9,9,2,1,1,0,-0.8660254037844386,0.5000000000000001,0.43388373911755823,-0.900968867902419,0.49999999999999994,0.8660254037844387,46.32,86.54,50.52,35.11,24.71,41.8,46.43,44.69,40.84,61.126666666666665,22.10855339757297,46.32,86.54,49.38166666666667,19.066990760648817,35.11,86.54,38.17333333333333,17.43872302108331,24.71,86.54,37.99791666666667,14.56076353085405,24.71,86.54,37.790625,15.577869245803857,23.95,108.32,34.34333333333333,12.362297117443829,3.23,108.32,-40.220000000000006,2.9200000000000017,17.43,14.56076353085405
2025-01-09 21:00:00+00:00,45.11,21,3,9,9,2,1,1,0,-0.7071067811865477,0.7071067811865474,0.43388373911755823,-0.900968867902419,0.49999999999999994,0.8660254037844387,46.2,46.32,86.54,37.69,25.56,39.79,44.71,47.05,42.4,59.686666666666675,23.255746243312323,46.2,86.54,51.23,17.909188703009434,37.69,86.54,39.964166666666664,17.0290679071956,25.38,86.54,38.18125,14.638210662954798,24.71,86.54,37.785833333333336,15.575190423798631,23.95,108.32,34.375238095238096,12.38605793142821,3.23,108.32,-0.11999999999999744,4.400000000000006,11.090000000000003,14.638210662954798
2025-01-09 22:00:00+00:00,41.69,22,3,9,9,2,1,1,0,-0.5000000000000004,0.8660254037844384,0.43388373911755823,-0.900968867902419,0.49999999999999994,0.8660254037844387,45.11,46.2,46.32,40.11,27.87,41.47,44.74,38.77,42.04,45.876666666666665,0.6666583332820081,45.11,46.32,52.46666666666667,17.021409655685613,40.11,86.54,41.593333333333334,16.45111233229222,25.38,86.54,38.40291666666666,14.703764817856705,24.71,86.54,37.79416666666666,15.57908046795286,23.95,108.32,34.39136904761905,12.398330142807705,3.23,108.32,-1.0900000000000034,5.32,7.420000000000002,14.703764817856705
2025-01-09 23:00:00+00:00,42.79,23,3,9,9,2,1,1,0,-0.25881904510252157,0.9659258262890681,0.43388373911755823,-0.900968867902419,0.49999999999999994,0.8660254037844387,41.69,45.11,46.2,50.52,29.38,43.13,45.84,41.66,44.25,44.333333333333336,2.3531751599348203,41.69,46.2,52.73,16.802828333349144,41.69,86.54,42.745,15.876779785700768,25.38,86.54,38.412083333333335,14.705828474560297,24.71,86.54,37.730624999999996,15.556351430005357,23.95,108.32,34.38928571428571,12.397066562980948,3.23,108.32,-3.4200000000000017,0.21999999999999886,1.5799999999999983,14.705828474560297
2025-01-10 00:00:00+00:00,36.79,0,4,10,10,2,1,1,0,0.0,1.0,-0.433883739117558,-0.9009688679024191,0.49999999999999994,0.8660254037844387,42.79,41.69,45.11,86.54,25.38,39.36,38.31,39.67,40.29,43.19666666666666,1.7458904127505235,41.69,45.11,51.44166666666666,17.295293483103066,41.69,86.54,43.862500000000004,15.31246261590984,25.38,86.54,38.39791666666667,14.70124897952453,24.71,86.54,37.66708333333333,15.528727525013094,23.95,108.32,34.38059523809524,12.390622767952452,3.23,108.32,1.1000000000000014,-0.3400000000000034,-7.730000000000004,14.70124897952453
2025-01-10 01:00:00+00:00,35.72,1,4,10,10,2,1,1,0,0.25881904510252074,0.9659258262890683,-0.433883739117558,-0.9009688679024191,0.49999999999999994,0.8660254037844387,36.79,42.79,41.69,46.32,28.89,33.29,34.63,38.57,32.61,40.42333333333334,3.194265695482142,36.79,42.79,43.15,3.630531641509367,36.79,46.32,44.81333333333333,14.386720728968548,28.89,86.54,38.29083333333333,14.703296263576163,24.71,86.54,37.635416666666664,15.528938388771767,23.95,108.32,34.35976190476191,12.383567726772844,3.23,108.32,-6.0,-2.5700000000000003,-49.75000000000001,14.703296263576163
2025-01-10 02:00:00+00:00,32.51,2,4,10,10,2,1,1,0,0.49999999999999994,0.8660254037844387,-0.433883739117558,-0.9009688679024191,0.49999999999999994,0.8660254037844387,35.72,36.79,42.79,46.2,35.11,34.25,31.7,30.93,35.24,38.43333333333334,3.81072609004293,35.72,42.79,41.38333333333333,4.297281311092792,35.72,46.2,45.3825,13.823576122631286,35.11,86.54,38.39208333333333,14.67570307305261,24.71,86.54,37.658125,15.525246516184465,23.95,108.32,34.37827380952381,12.383260915229044,3.23,108.32,-1.0700000000000003,2.4299999999999997,-10.600000000000001,14.67570307305261
2025-01-10 03:00:00+00:00,31.34,3,4,10,10,2,1,1,0,0.7071067811865476,0.7071067811865476,-0.433883739117558,-0.9009688679024191,0.49999999999999994,0.8660254037844387,32.51,35.72,36.79,45.11,37.69,32.2,29.29,28.13,30.88,35.00666666666667,2.2273826194288344,32.51,36.79,39.10166666666667,4.8297594833146125,32.51,45.11,45.16583333333333,14.018226744513944,32.51,86.54,38.319583333333334,14.701330752887547,24.71,86.54,37.675,15.519071588813661,23.95,108.32,34.362023809523805,12.383914550425645,3.23,108.32,-3.210000000000001,-1.740000000000002,-13.690000000000005,14.701330752887547
2025-01-10 04:00:00+00:00,34.51,4,4,10,10,2,1,1,0,0.8660254037844386,0.5000000000000001,-0.433883739117558,-0.9009688679024191,0.49999999999999994,0.8660254037844387,31.34,32.51,35.72,41.69,40.11,26.61,28.73,30.33,27.74,33.19,2.2677962871475477,31.34,35.72,36.806666666666665,4.672775049867847,31.34,42.79,44.63666666666666,14.439601060551459,31.34,86.54,38.283750000000005,14.71793399150373,24.71,86.54,37.71770833333333,15.498312089232433,23.95,108.32,34.364761904761906,12.383190893684803,3.23,108.32,-1.1699999999999982,-0.860000000000003,-13.77,14.71793399150373
2025-01-10 05:00:00+00:00,114.54,5,4,10,10,2,1,1,0,0.9659258262890683,0.25881904510252074,-0.433883739117558,-0.9009688679024191,0.49999999999999994,0.8660254037844387,34.51,31.34,32.51,42.79,50.52,27.13,27.7,27.69,28.89,32.78666666666666,1.6030075899176246,31.34,34.51,35.60999999999999,4.049933332784728,31.34,42.79,44.169999999999995,14.687558742629145,31.34,86.54,38.61291666666667,14.532674872482195,24.71,86.54,37.838125,15.449371901609958,23.95,108.32,34.40505952380953,12.372514302924705,3.23,108.32,3.169999999999998,7.899999999999999,-7.18,14.532674872482195
2025-01-10 06:00:00+00:00,26.77,6,4,10,10,2,1,1,0,1.0,6.123233995736766e-17,-0.433883739117558,-0.9009688679024191,0.49999999999999994,0.8660254037844387,114.54,34.51,31.34,36.79,86.54,25.31,25.95,25.99,28.35,60.13,47.14709216908295,31.34,114.54,47.56833333333333,32.870630913730075,31.34,114.54,49.504999999999995,25.12339709948043,31.34,114.54,42.255,21.030287475551727,24.71,114.54,39.64729166666667,18.929540882989745,23.95,114.54,34.914880952380955,13.823467418949154,3.23,114.54,80.03,87.41000000000001,71.75,21.030287475551727
2025-01-10 07:00:00+00:00,20.03,7,4,10,10,2,1,1,0,0.9659258262890683,-0.25881904510252063,-0.433883739117558,-0.9009688679024191,0.49999999999999994,0.8660254037844387,26.77,114.54,34.51,35.72,46.32,69.53,26.33,25.23,27.1,58.606666666666676,48.594034956292084,26.77,114.54,45.89833333333333,33.769976853214864,26.77,114.54,44.524166666666666,22.943845464458867,26.77,114.54,42.31583333333333,20.981194668324893,24.71,114.54,39.664375,18.91728253012224,23.95,114.54,34.90547619047619,13.828497123911061,3.23,114.54,-87.77000000000001,1.4600000000000009,-10.02,20.981194668324893
2025-01-10 08:00:00+00:00,22.54,8,4,10,10,2,1,1,0,0.8660254037844387,-0.4999999999999998,-0.433883739117558,-0.9009688679024191,0.49999999999999994,0.8660254037844387,20.03,26.77,114.54,32.51,46.2,24.71,23.95,22.32,22.33,53.78,52.72750800104252,20.03,114.54,43.28333333333333,35.28909047661426,20.03,114.54,42.333333333333336,23.988183959961823,20.03,114.54,40.25333333333334,20.61953056157463,20.03,114.54,39.533125,19.03326563322473,20.03,114.54,34.863392857142856,13.863107757031337,3.23,114.54,-6.739999999999998,-49.5,-15.689999999999998,20.61953056157463
2025-01-10 09:00:00+00:00,26.78,9,4,10,10,2,1,1,0,0.7071067811865476,-0.7071067811865475,-0.433883739117558,-0.9009688679024191,0.49999999999999994,0.8660254037844387,22.54,20.03,26.77,31.34,45.11,25.56,27.9,24.94,24.0,23.113333333333333,3.4063812665840727,20.03,26.77,41.62166666666667,36.12271829011028,20.03,114.54,40.361666666666665,24.605871373731233,20.03,114.54,40.16291666666667,20.69527009165782,20.03,114.54,39.503750000000004,19.05889836572129,20.03,114.54,34.864642857142854,13.861980308573447,3.23,114.54,2.509999999999998,-2.1700000000000017,-9.969999999999999,20.69527009165782
2025-01-10 10:00:00+00:00,25.22,10,4,10,10,2,1,1,0,0.49999999999999994,-0.8660254037844387,-0.433883739117558,-0.9009688679024191,0.49999999999999994,0.8660254037844387,26.78,22.54,20.03,34.51,41.69,27.87,24.6,26.1,26.6,23.11666666666667,3.4117493069296456,20.03,26.78,40.86166666666667,36.42897386238964,20.03,114.54,38.83416666666667,24.852023681394765,20.03,114.54,40.21375,20.659308842452262,20.03,114.54,39.48041666666666,19.07408634864226,20.03,114.54,34.881190476190476,13.850587691957454,3.23,114.54,4.240000000000002,1.2200000000000024,-4.559999999999999,20.659308842452262
2025-01-10 11:00:00+00:00,23.95,11,4,10,10,2,1,1,0,0.258819045102521,-0.9659258262890682,-0.433883739117558,-0.9009688679024191,0.49999999999999994,0.8660254037844387,25.22,26.78,22.54,114.54,42.79,29.38,33.65,25.17,29.8,24.846666666666668,2.1445123765870395,22.54,26.78,39.31333333333334,36.946677072054364,20.03,114.54,37.461666666666666,25.133169981785695,20.03,114.54,40.10333333333333,20.735092846725305,20.03,114.54,39.49333333333333,19.06400243003767,20.03,114.54,34.87297619047619,13.855936558587345,3.23,114.54,-1.5600000000000023,-2.650000000000002,-9.29,20.735092846725305
2025-01-10 12:00:00+00:00,26.93,12,4,10,10,2,1,1,0,1.2246467991473532e-16,-1.0,-0.433883739117558,-0.9009688679024191,0.49999999999999994,0.8660254037844387,23.95,25.22,26.78,26.77,36.79,25.38,30.49,33.69,28.23,25.316666666666663,1.4174742796026352,23.95,26.78,24.215,2.627064902129597,20.03,26.78,35.89166666666667,25.357505194655285,20.03,114.54,39.87708333333334,20.88626082196592,20.03,114.54,39.29125,19.178329595244467,20.03,114.54,34.83815476190476,13.876097988163059,3.23,114.54,-1.2699999999999996,-5.43,-90.59,20.88626082196592
2025-01-10 13:00:00+00:00,32.83,13,4,10,10,2,1,1,0,-0.2588190451025208,-0.9659258262890683,-0.433883739117558,-0.9009688679024191,0.49999999999999994,0.8660254037844387,26.93,23.95,25.22,20.03,35.72,28.89,29.19,32.62,31.38,25.366666666666664,1.4954040702549287,23.95,26.93,24.241666666666664,2.658807376751437,20.03,26.93,35.07,25.485176796789865,20.03,114.54,39.94166666666667,20.841833906345915,20.03,114.54,39.217083333333335,19.219928593567772,20.03,114.54,34.830416666666665,13.880167014567778,3.23,114.54,2.9800000000000004,1.5500000000000007,0.16000000000000014,20.841833906345915
2025-01-10 14:00:00+00:00,31.89,14,4,10,10,2,1,1,0,-0.4999999999999997,-0.8660254037844388,-0.433883739117558,-0.9009688679024191,0.49999999999999994,0.8660254037844387,32.83,26.93,23.95,22.54,32.51,35.11,31.24,31.04,31.67,27.903333333333332,4.519306731494899,23.95,32.83,26.375,3.5794119628789796,22.54,32.83,34.829166666666666,25.492130143289803,20.03,114.54,40.10583333333334,20.76637811812468,20.03,114.54,39.29291666666666,19.186676556128827,20.03,114.54,34.83904761904761,13.878459345982108,3.23,114.54,5.899999999999999,3.9399999999999977,12.799999999999997,20.76637811812468
2025-01-10 15:00:00+00:00,36.85,15,4,10,10,2,1,1,0,-0.7071067811865471,-0.7071067811865479,-0.433883739117558,-0.9009688679024191,0.49999999999999994,0.8660254037844387,31.89,32.83,26.93,26.78,31.34,37.69,108.32,38.25,34.03,30.55,3.1700473182591278,26.93,32.83,27.933333333333337,3.6110534012484203,23.95,32.83,34.777499999999996,25.497885518393307,20.03,114.54,39.97166666666667,20.81041350249744,20.03,114.54,39.30645833333333,19.181100570733943,20.03,114.54,34.840357142857144,13.878168911163137,3.23,114.54,-0.9399999999999977,-3.219999999999999,9.350000000000001,20.81041350249744
2025-01-10 16:00:00+00:00,38.83,16,4,10,10,2,1,1,0,-0.8660254037844385,-0.5000000000000004,-0.433883739117558,-0.9009688679024191,0.49999999999999994,0.8660254037844387,36.85,31.89,32.83,25.22,34.51,40.11,38.36,36.59,41.46,33.85666666666666,2.6345651127530254,31.89,36.85,29.611666666666668,5.029403211780475,23.95,36.85,35.23666666666667,25.47996122921745,20.03,114.54,39.93666666666667,20.81512361276034,20.03,114.54,37.8175,16.26164819837336,20.03,114.54,34.857142857142854,13.878888294486948,3.23,114.54,4.960000000000001,-0.8399999999999963,10.07,20.81512361276034
2025-01-10 17:00:00+00:00,39.16,17,4,10,10,2,1,1,0,-0.9659258262890683,-0.25881904510252063,-0.433883739117558,-0.9009688679024191,0.49999999999999994,0.8660254037844387,38.83,36.85,31.89,23.95,114.54,50.52,42.78,43.06,44.89,35.85666666666667,3.5750431232833293,31.89,38.83,31.88,5.679672525771274,23.95,38.83,35.59666666666667,25.49927176619091,20.03,114.54,39.88333333333333,20.8162999816859,20.03,114.54,37.82729166666667,16.262123299587696,20.03,114.54,34.84148809523809,13.872877930829267,3.23,114.54,1.9799999999999969,-1.2800000000000011,13.61,20.8162999816859
2025-01-10 18:00:00+00:00,47.74,18,4,10,10,2,1,1,0,-1.0,-1.8369701987210297e-16,-0.433883739117558,-0.9009688679024191,0.49999999999999994,0.8660254037844387,39.16,38.83,36.85,26.93,26.77,86.54,43.76,45.58,42.91,38.28,1.2493598360769307,36.85,39.16,34.415,4.750779935968514,26.93,39.16,29.314999999999998,6.463019980839261,20.03,39.16,39.41,20.692709701308065,20.03,114.54,37.751875000000005,16.247053108408515,20.03,114.54,34.80738095238095,13.85505754036484,3.23,114.54,0.3299999999999983,-11.360000000000007,15.209999999999997,20.692709701308065
2025-01-10 19:00:00+00:00,44.96,19,4,10,10,2,1,1,0,-0.9659258262890684,0.2588190451025203,-0.433883739117558,-0.9009688679024191,0.49999999999999994,0.8660254037844387,47.74,39.16,38.83,32.83,20.03,46.32,43.4,41.63,46.6,41.91,5.051623501410449,38.83,47.74,37.88333333333333,5.695681404947754,31.89,47.74,31.0625,8.289288954044043,20.03,47.74,37.79333333333333,18.218188156623732,20.03,114.54,37.83479166666667,16.28847105523953,20.03,114.54,34.836130952380955,13.876965531627665,3.23,114.54,8.580000000000005,-38.800000000000004,20.810000000000002,18.218188156623732
2025-01-10 20:00:00+00:00,38.66,20,4,10,10,2,1,1,0,-0.8660254037844386,0.5000000000000001,-0.433883739117558,-0.9009688679024191,0.49999999999999994,0.8660254037844387,44.96,47.74,39.16,31.89,22.54,46.2,41.8,46.43,45.34,43.95333333333334,4.377685842238545,39.16,47.74,39.905,5.696036341176287,31.89,47.74,33.14,8.396253493509644,22.54,47.74,37.736666666666665,18.192610460357773,20.03,114.54,37.86729166666667,16.301362655427276,20.03,114.54,34.826369047619046,13.869215228289487,3.23,114.54,-2.780000000000001,-1.3599999999999994,12.130000000000003,18.192610460357773
2025-01-10 21:00:00+00:00,43.84,21,4,10,10,2,1,1,0,-0.7071067811865477,0.7071067811865474,-0.433883739117558,-0.9009688679024191,0.49999999999999994,0.8660254037844387,38.66,44.96,47.74,36.85,26.78,45.11,39.79,44.71,42.48,43.78666666666667,4.6523255833331145,38.66,47.74,41.03333333333334,4.287076704080253,36.85,47.74,34.483333333333334,7.815623436231418,23.95,47.74,37.4225,18.10499624773325,20.03,114.54,37.801875,16.291542467920056,20.03,114.54,34.78660714285714,13.848452985667246,3.23,114.54,-6.300000000000004,-7.540000000000006,6.769999999999996,18.10499624773325
2025-01-10 22:00:00+00:00,40.72,22,4,10,10,2,1,1,0,-0.5000000000000004,0.8660254037844384,-0.433883739117558,-0.9009688679024191,0.49999999999999994,0.8660254037844387,43.84,38.66,44.96,38.83,25.22,41.69,41.47,44.74,44.0,42.486666666666665,3.360972081606116,38.66,44.96,42.19833333333333,3.850425517610698,38.66,47.74,35.905,7.83857535757383,23.95,47.74,37.36958333333333,18.083393650136507,20.03,114.54,37.886250000000004,16.31253226947163,20.03,114.54,34.79470238095238,13.853373783319121,3.23,114.54,5.180000000000007,-1.269999999999996,6.990000000000002,18.083393650136507
2025-01-10 23:00:00+00:00,42.92,23,4,10,10,2,1,1,0,-0.25881904510252157,0.9659258262890681,-0.433883739117558,-0.9009688679024191,0.49999999999999994,0.8660254037844387,40.72,43.84,38.66,39.16,23.95,42.79,43.13,45.84,45.35,41.07333333333333,2.608013292400119,38.66,43.84,42.513333333333335,3.5881285744336995,38.66,47.74,37.196666666666665,7.16601871630435,23.95,47.74,37.329166666666666,18.074399362602367,20.03,114.54,37.870625,16.309385420442837,20.03,114.54,34.775178571428576,13.842630023082506,3.23,114.54,-3.1200000000000045,-0.9699999999999989,1.8900000000000006,18.074399362602367
2025-01-11 00:00:00+00:00,32.64,0,5,11,11,2,1,1,1,0.0,1.0,-0.9749279121818236,-0.2225209339563146,0.49999999999999994,0.8660254037844387,42.92,40.72,43.84,47.74,26.93,36.79,39.36,38.31,35.24,42.49333333333333,1.6031635391736356,40.72,43.84,43.14000000000001,3.191789466741335,38.66,47.74,38.777499999999996,5.970868864746565,26.93,47.74,37.334583333333335,18.076126455768332,20.03,114.54,37.86625,16.307972678182306,20.03,114.54,34.760714285714286,13.832780193076673,3.23,114.54,2.200000000000003,0.13000000000000256,3.760000000000005,18.076126455768332
2025-01-11 01:00:00+00:00,31.92,1,5,11,11,2,1,1,1,0.25881904510252074,0.9659258262890683,-0.9749279121818236,-0.2225209339563146,0.49999999999999994,0.8660254037844387,32.64,42.92,40.72,44.96,32.83,35.72,33.29,34.63,36.83,38.76,5.41302133747894,32.64,42.92,40.623333333333335,4.517210053414341,32.64,44.96,39.25333333333333,5.105724653996155,31.89,47.74,37.16166666666667,18.101394293322244,20.03,114.54,37.72625,16.32371354613191,20.03,114.54,34.74523809523809,13.833695171524482,3.23,114.54,-10.280000000000001,-4.149999999999999,-15.100000000000001,18.101394293322244
2025-01-11 02:00:00+00:00,30.88,2,5,11,11,2,1,1,1,0.49999999999999994,0.8660254037844387,-0.9749279121818236,-0.2225209339563146,0.49999999999999994,0.8660254037844387,31.92,32.64,42.92,38.66,31.89,32.51,34.25,31.7,23.78,35.82666666666667,6.15354640295623,31.92,42.92,38.449999999999996,5.111301204194577,31.92,43.84,39.1775,5.2153813161385605,31.89,47.74,37.00333333333334,18.131147752985193,20.03,114.54,37.69770833333333,16.33283043307785,20.03,114.54,34.716011904761906,13.834450972136777,3.23,114.54,-0.7199999999999989,-3.799999999999997,-13.04,18.131147752985193
2025-01-11 03:00:00+00:00,29.19,3,5,11,11,2,1,1,1,0.7071067811865476,0.7071067811865476,-0.9749279121818236,-0.2225209339563146,0.49999999999999994,0.8660254037844387,30.88,31.92,32.64,43.84,36.85,31.34,32.2,29.29,29.8,31.813333333333333,0.8848352012298397,30.88,32.64,37.15333333333333,5.96321613449216,30.88,43.84,39.093333333333334,5.350089775514101,30.88,47.74,36.93541666666667,18.15175209633128,20.03,114.54,37.627500000000005,16.355193917685796,20.03,114.54,34.75827380952381,13.81166915281621,3.23,114.54,-1.0400000000000027,-1.629999999999999,-7.779999999999998,18.15175209633128
2025-01-11 04:00:00+00:00,21.62,4,5,11,11,2,1,1,1,0.8660254037844386,0.5000000000000001,-0.9749279121818236,-0.2225209339563146,0.49999999999999994,0.8660254037844387,29.19,30.88,31.92,40.72,38.83,34.51,26.61,28.73,25.55,30.663333333333338,1.3778364682847606,29.19,31.92,34.711666666666666,5.669788061882702,29.19,42.92,38.455,6.052887365096545,29.19,47.74,36.84583333333333,18.185840865107526,20.03,114.54,37.56479166666667,16.382194666262926,20.03,114.54,34.75464285714286,13.81306055108182,3.23,114.54,-1.6899999999999977,-2.1499999999999986,-14.650000000000002,18.185840865107526
2025-01-11 05:00:00+00:00,21.71,5,5,11,11,2,1,1,1,0.9659258262890683,0.25881904510252074,-0.9749279121818236,-0.2225209339563146,0.49999999999999994,0.8660254037844387,21.62,29.19,30.88,42.92,39.16,114.54,27.13,27.7,22.51,27.23,4.931338560675186,21.62,30.88,31.528333333333332,6.858899085616263,21.62,42.92,37.020833333333336,7.75538810743664,21.62,47.74,36.308749999999996,18.446299808645502,20.03,114.54,37.46083333333333,16.468794712752366,20.03,114.54,34.73125,13.83205697734617,3.23,114.54,-7.57,-12.889999999999997,-19.099999999999998,18.446299808645502
2025-01-11 06:00:00+00:00,19.77,6,5,11,11,2,1,1,1,1.0,6.123233995736766e-17,-0.9749279121818236,-0.2225209339563146,0.49999999999999994,0.8660254037844387,21.71,21.62,29.19,32.64,47.74,26.77,25.31,25.95,21.9,24.173333333333336,4.344793819427487,21.62,29.19,27.993333333333336,5.037355126122,21.62,32.64,35.56666666666667,8.873232815950487,21.62,47.74,32.44083333333334,8.235801440195077,20.03,47.74,37.34791666666667,16.55946537300394,20.03,114.54,34.726488095238096,13.836426546211982,3.23,114.54,0.08999999999999986,-92.83000000000001,-21.21,8.235801440195077
2025-01-11 07:00:00+00:00,18.33,7,5,11,11,2,1,1,1,0.9659258262890683,-0.25881904510252063,-0.9749279121818236,-0.2225209339563146,0.49999999999999994,0.8660254037844387,19.77,21.71,21.62,31.92,44.96,20.03,69.53,26.33,15.7,21.033333333333335,1.0950038051692932,19.77,21.71,25.848333333333333,5.390738044708496,19.77,31.92,33.23583333333334,9.056529998076567,19.77,44.96,32.149166666666666,8.56282100847547,19.77,47.74,37.2325,16.664128437927523,19.77,114.54,34.71380952380952,13.849220035087463,3.23,114.54,-1.9400000000000013,-7.0,-12.870000000000001,8.56282100847547
2025-01-11 08:00:00+00:00,24.03,8,5,11,11,2,1,1,1,0.8660254037844387,-0.4999999999999998,-0.9749279121818236,-0.2225209339563146,0.49999999999999994,0.8660254037844387,18.33,19.77,21.71,30.88,38.66,22.54,24.71,23.95,19.78,19.936666666666667,1.6961525088668221,18.33,21.71,23.583333333333332,5.180330748771509,18.33,30.88,31.016666666666666,9.184272459267573,18.33,43.84,32.07833333333333,8.67374482420153,18.33,47.74,36.16583333333333,16.184535544158873,18.33,114.54,34.72946428571428,13.829070450744364,3.23,114.54,-1.4400000000000013,-1.7000000000000028,-13.590000000000003,8.67374482420153
2025-01-11 09:00:00+00:00,20.97,9,5,11,11,2,1,1,1,0.7071067811865476,-0.7071067811865475,-0.9749279121818236,-0.2225209339563146,0.49999999999999994,0.8660254037844387,24.03,18.33,19.77,29.19,43.84,26.78,25.56,27.9,21.56,20.709999999999997,2.963983805624096,18.33,24.03,22.441666666666666,3.8292788703184812,18.33,29.19,29.7975,9.047430700078756,18.33,43.84,32.14041666666667,8.607584865114339,18.33,47.74,36.151666666666664,16.195070609810188,18.33,114.54,34.75476190476191,13.805426597385013,3.23,114.54,5.700000000000003,1.490000000000002,-6.849999999999998,8.607584865114339
2025-01-11 10:00:00+00:00,17.81,10,5,11,11,2,1,1,1,0.49999999999999994,-0.8660254037844387,-0.9749279121818236,-0.2225209339563146,0.49999999999999994,0.8660254037844387,20.97,24.03,18.33,21.62,40.72,25.22,27.87,24.6,104.58,21.11,2.8525777815866666,18.33,24.03,21.07166666666667,1.9329399024976381,18.33,24.03,27.891666666666666,8.188476196719558,18.33,42.92,31.898333333333337,8.843370234330902,18.33,47.74,36.056041666666665,16.27230733872387,18.33,114.54,34.75125,13.808877869290537,3.23,114.54,-3.0600000000000023,-5.810000000000002,-8.220000000000002,8.843370234330902
2025-01-11 11:00:00+00:00,24.84,11,5,11,11,2,1,1,1,0.258819045102521,-0.9659258262890682,-0.9749279121818236,-0.2225209339563146,0.49999999999999994,0.8660254037844387,17.81,20.97,24.03,21.71,42.92,23.95,29.38,33.65,21.96,20.936666666666667,3.110133973534779,17.81,24.03,20.436666666666664,2.3065009574391206,17.81,24.03,25.9825,7.573262927142885,17.81,42.92,31.589583333333334,9.208485443690899,17.81,47.74,35.84645833333334,16.44386563363221,17.81,114.54,34.23476190476191,12.764694242505293,3.23,114.54,-3.16,-7.41,-3.8100000000000023,9.208485443690899
2025-01-11 12:00:00+00:00,29.92,12,5,11,11,2,1,1,1,1.2246467991473532e-16,-1.0,-0.9749279121818236,-0.2225209339563146,0.49999999999999994,0.8660254037844387,24.84,17.81,20.97,19.77,32.64,26.93,25.38,30.49,23.31,21.206666666666667,3.5209705101484783,17.81,24.84,20.958333333333332,2.923521278641149,17.81,24.84,24.47583333333333,5.377421582765144,17.81,32.64,31.626666666666665,9.178124591358154,17.81,47.74,35.751875,16.494829190585634,17.81,114.54,34.25190476190477,12.750036137198096,3.23,114.54,7.030000000000001,0.8900000000000006,3.129999999999999,9.178124591358154
2025-01-11 13:00:00+00:00,29.61,13,5,11,11,2,1,1,1,-0.2588190451025208,-0.9659258262890683,-0.9749279121818236,-0.2225209339563146,0.49999999999999994,0.8660254037844387,29.92,24.84,17.81,18.33,31.92,32.83,28.89,29.19,26.49,24.189999999999998,6.081110096027039,17.81,29.92,22.649999999999995,4.570859875340843,17.81,29.92,24.249166666666667,5.049321211506574,17.81,31.92,31.75125,9.131776489151855,17.81,47.74,35.84645833333334,16.447037434784594,17.81,114.54,34.291250000000005,12.726245086316935,3.23,114.54,5.080000000000002,2.990000000000002,10.150000000000002,9.131776489151855
2025-01-11 14:00:00+00:00,25.82,14,5,11,11,2,1,1,1,-0.4999999999999997,-0.8660254037844388,-0.9749279121818236,-0.2225209339563146,0.49999999999999994,0.8660254037844387,29.61,29.92,24.84,24.03,30.88,31.89,35.11,31.24,32.62,28.123333333333335,2.8476715634594107,24.84,29.92,24.53,4.754715554057981,17.81,29.92,24.05666666666667,4.766400077308893,17.81,30.88,31.61708333333333,9.138889895085358,17.81,47.74,35.86145833333333,16.440885205445984,17.81,114.54,34.30982142857143,12.71706574040433,3.23,114.54,-0.3100000000000023,-3.219999999999999,11.280000000000001,9.138889895085358
2025-01-11 15:00:00+00:00,31.0,15,5,11,11,2,1,1,1,-0.7071067811865471,-0.7071067811865479,-0.9749279121818236,-0.2225209339563146,0.49999999999999994,0.8660254037844387,25.82,29.61,29.92,20.97,29.19,36.85,37.69,108.32,33.74,28.45,2.282914803491807,25.82,29.92,24.828333333333333,4.773189360026224,17.81,29.92,23.635,4.309841802623027,17.81,29.92,31.364166666666666,9.214687197345771,17.81,47.74,35.66791666666666,16.504477401322962,17.81,114.54,34.26934523809524,12.733287609300856,3.23,114.54,-3.789999999999999,-6.07,1.7899999999999991,9.214687197345771
2025-01-11 16:00:00+00:00,37.79,16,5,11,11,2,1,1,1,-0.8660254037844385,-0.5000000000000004,-0.9749279121818236,-0.2225209339563146,0.49999999999999994,0.8660254037844387,31.0,25.82,29.61,17.81,21.62,38.83,40.11,38.36,34.01,28.810000000000002,2.6810632219330524,25.82,31.0,26.5,4.906171623577887,17.81,31.0,23.785833333333333,4.547069902362424,17.81,31.0,31.120416666666667,9.140337963101292,17.81,47.74,35.52854166666666,16.515282154311656,17.81,114.54,34.25303571428571,12.735724226269156,3.23,114.54,5.18,-5.850000000000001,10.030000000000001,9.140337963101292
2025-01-11 17:00:00+00:00,34.92,17,5,11,11,2,1,1,1,-0.9659258262890683,-0.25881904510252063,-0.9749279121818236,-0.2225209339563146,0.49999999999999994,0.8660254037844387,37.79,31.0,25.82,24.84,21.71,39.16,50.52,42.78,38.68,31.536666666666665,6.003018685072987,25.82,37.79,29.830000000000002,4.599286901249023,24.84,37.79,25.133333333333336,6.008108662213941,17.81,37.79,31.077083333333334,9.104593909319828,17.81,47.74,35.48020833333334,16.50498048489418,17.81,114.54,34.275535714285716,12.738630988915988,3.23,114.54,6.789999999999999,-1.0399999999999991,19.98,9.104593909319828
2025-01-11 18:00:00+00:00,39.39,18,5,11,11,2,1,1,1,-1.0,-1.8369701987210297e-16,-0.9749279121818236,-0.2225209339563146,0.49999999999999994,0.8660254037844387,34.92,37.79,31.0,29.92,19.77,47.74,86.54,43.76,39.23,34.57,3.408504070703468,31.0,37.79,31.51,4.238886646278813,25.82,37.79,26.234166666666667,6.512845291259361,17.81,37.79,30.90041666666667,8.981233806577263,17.81,47.74,35.155208333333334,16.355443103279413,17.81,114.54,34.25315476190476,12.734148541998312,3.23,114.54,-2.8699999999999974,-4.239999999999995,10.080000000000002,8.981233806577263
2025-01-11 19:00:00+00:00,41.21,19,5,11,11,2,1,1,1,-0.9659258262890684,0.2588190451025203,-0.9749279121818236,-0.2225209339563146,0.49999999999999994,0.8660254037844387,39.39,34.92,37.79,29.61,18.33,44.96,46.32,43.4,42.41,37.36666666666667,2.2648693854912327,34.92,39.39,33.08833333333333,5.185755168407731,25.82,39.39,27.86916666666666,7.171918037271041,17.81,39.39,30.5525,8.446340215944348,17.81,44.96,34.172916666666666,14.51612895446631,17.81,114.54,34.25410714285714,12.734528964219582,3.23,114.54,4.469999999999999,-8.350000000000001,9.469999999999999,8.446340215944348
2025-01-11 20:00:00+00:00,37.3,20,5,11,11,2,1,1,1,-0.8660254037844386,0.5000000000000001,-0.9749279121818236,-0.2225209339563146,0.49999999999999994,0.8660254037844387,41.21,39.39,34.92,25.82,24.03,38.66,46.2,41.8,38.57,38.50666666666667,3.2367009953555232,34.92,41.21,35.02166666666667,5.760143806075285,25.82,41.21,29.775833333333335,7.441640164193215,17.81,41.21,30.39625,8.199298916211792,17.81,43.84,34.06645833333334,14.443706498073215,17.81,114.54,34.246964285714284,12.730262720495935,3.23,114.54,1.8200000000000003,-3.75,11.600000000000001,8.199298916211792
2025-01-11 21:00:00+00:00,39.13,21,5,11,11,2,1,1,1,-0.7071067811865477,0.7071067811865474,-0.9749279121818236,-0.2225209339563146,0.49999999999999994,0.8660254037844387,37.3,41.21,39.39,31.0,20.97,43.84,45.11,39.79,39.17,39.300000000000004,1.9565530915367748,37.3,41.21,36.935,3.590302215691705,31.0,41.21,30.88166666666667,7.495951432525969,17.81,41.21,30.339583333333337,8.14421826347925,17.81,43.84,33.88104166666667,14.341394964582141,17.81,114.54,34.239404761904765,12.728057116737151,3.23,114.54,-3.9100000000000037,-1.3599999999999994,11.479999999999997,8.14421826347925
2025-01-11 22:00:00+00:00,30.18,22,5,11,11,2,1,1,1,-0.5000000000000004,0.8660254037844384,-0.9749279121818236,-0.2225209339563146,0.49999999999999994,0.8660254037844387,39.13,37.3,41.21,37.79,17.81,40.72,41.69,41.47,3.23,39.21333333333333,1.9563316010675296,37.3,41.21,38.29,2.146112764977817,34.92,41.21,32.395,7.137569614371559,17.81,41.21,30.143333333333334,7.856419511217081,17.81,42.92,33.756458333333335,14.267557826714865,17.81,114.54,34.23916666666667,12.727964704890647,3.23,114.54,1.8300000000000054,-4.710000000000001,8.130000000000003,7.856419511217081
2025-01-11 23:00:00+00:00,34.13,23,5,11,11,2,1,1,1,-0.25881904510252157,0.9659258262890681,-0.9749279121818236,-0.2225209339563146,0.49999999999999994,0.8660254037844387,30.18,39.13,37.3,34.92,24.84,42.92,42.79,43.13,33.74,35.53666666666667,4.728385912056608,30.18,39.13,37.02166666666667,3.972381737278963,30.18,41.21,33.42583333333334,5.55817572808224,24.84,41.21,29.704166666666666,7.527177377700281,17.81,42.92,33.516666666666666,14.228051904351064,17.81,114.54,34.39958333333333,12.502638397203109,17.81,114.54,-8.950000000000003,-10.54,-7.609999999999999,7.527177377700281
2025-01-12 00:00:00+00:00,33.89,0,6,12,12,2,1,1,1,0.0,1.0,-0.7818314824680299,0.6234898018587334,0.49999999999999994,0.8660254037844387,34.13,30.18,39.13,39.39,29.92,32.64,36.79,39.36,35.97,34.48,4.485253616017946,30.18,39.13,36.89,4.06791838659538,30.18,41.21,34.2,4.856240596106498,25.82,41.21,29.33791666666667,7.055228082571253,17.81,41.21,33.33625,14.162716806475574,17.81,114.54,34.40190476190476,12.502551402003418,17.81,114.54,3.950000000000003,-8.79,-0.7899999999999991,7.055228082571253
2025-01-12 01:00:00+00:00,28.99,1,6,12,12,2,1,1,1,0.25881904510252074,0.9659258262890683,-0.7818314824680299,0.6234898018587334,0.49999999999999994,0.8660254037844387,33.89,34.13,30.18,41.21,29.61,31.92,35.72,33.29,33.47,32.733333333333334,2.2145052118555437,30.18,34.13,35.97333333333333,4.011187687788674,30.18,41.21,34.530833333333334,4.669807195422986,25.82,41.21,29.39,7.08521485667287,17.81,41.21,33.27583333333333,14.153852769721412,17.81,114.54,34.389523809523816,12.502019133188659,17.81,114.54,-0.240000000000002,1.25,-5.5,7.08521485667287
2025-01-12 02:00:00+00:00,33.6,2,6,12,12,2,1,1,1,0.49999999999999994,0.8660254037844387,-0.7818314824680299,0.6234898018587334,0.49999999999999994,0.8660254037844387,28.99,33.89,34.13,37.3,25.82,30.88,32.51,34.25,30.24,32.336666666666666,2.900781503894314,28.99,34.13,33.93666666666667,3.9218448040007257,28.99,39.13,34.479166666666664,4.732213509233259,25.82,41.21,29.267916666666665,7.064939754299723,17.81,41.21,33.135625,14.162456798867469,17.81,114.54,34.362857142857145,12.508768284824118,17.81,114.54,-4.900000000000002,-2.9300000000000033,-12.220000000000002,7.064939754299723
2025-01-12 03:00:00+00:00,23.35,3,6,12,12,2,1,1,1,0.7071067811865476,0.7071067811865476,-0.7818314824680299,0.6234898018587334,0.49999999999999994,0.8660254037844387,33.6,28.99,33.89,39.13,31.0,29.19,31.34,32.2,27.05,32.160000000000004,2.749127134201331,28.99,33.89,33.32,3.5615726863284483,28.99,39.13,35.1275,3.8973187169922614,28.99,41.21,29.381249999999998,7.11357386636102,17.81,41.21,33.15833333333333,14.16230617915235,17.81,114.54,34.38285714285715,12.504822358075083,17.81,114.54,4.610000000000003,2.7200000000000024,-3.6999999999999957,7.11357386636102
2025-01-12 04:00:00+00:00,23.42,4,6,12,12,2,1,1,1,0.8660254037844386,0.5000000000000001,-0.7818314824680299,0.6234898018587334,0.49999999999999994,0.8660254037844387,23.35,33.6,28.99,30.18,37.79,21.62,34.51,26.61,21.69,28.646666666666665,5.133617957477479,23.35,33.6,30.69,4.184910990690349,23.35,34.13,34.49,5.080053686187332,23.35,41.21,29.13791666666667,7.2194959351724535,17.81,41.21,32.991875,14.230922378002191,17.81,114.54,34.36083333333333,12.521062227359034,17.81,114.54,-10.25,-5.84,-15.780000000000001,7.2194959351724535
2025-01-12 05:00:00+00:00,22.77,5,6,12,12,2,1,1,1,0.9659258262890683,0.25881904510252074,-0.7818314824680299,0.6234898018587334,0.49999999999999994,0.8660254037844387,23.42,23.35,33.6,34.13,34.92,21.71,114.54,27.13,22.1,26.790000000000003,5.8977368540824076,23.35,33.6,29.563333333333333,5.148668436272388,23.35,34.13,33.292500000000004,5.864556287950996,23.35,41.21,29.21291666666667,7.146985669963753,17.81,41.21,32.76083333333334,14.295627933539139,17.81,114.54,34.37113095238095,12.511286613504774,17.81,114.54,0.07000000000000028,1.8000000000000007,-6.759999999999998,7.146985669963753
2025-01-12 06:00:00+00:00,24.46,6,6,12,12,2,1,1,1,1.0,6.123233995736766e-17,-0.7818314824680299,0.6234898018587334,0.49999999999999994,0.8660254037844387,22.77,23.42,23.35,33.89,39.39,19.77,26.77,25.31,20.71,23.180000000000003,0.3567912555006757,22.77,23.42,27.67,5.221697042150273,22.77,33.89,32.28,6.56502856048625,22.77,41.21,29.25708333333333,7.1017355375237745,17.81,41.21,30.848958333333332,7.775692960727274,17.81,47.74,34.37511904761905,12.507457846507016,17.81,114.54,-0.6500000000000021,1.0599999999999987,-11.360000000000003,7.1017355375237745
2025-01-12 07:00:00+00:00,16.27,7,6,12,12,2,1,1,1,0.9659258262890683,-0.25881904510252063,-0.7818314824680299,0.6234898018587334,0.49999999999999994,0.8660254037844387,24.46,22.77,23.42,28.99,41.21,18.33,20.03,69.53,18.56,23.55,0.8524670081602906,22.77,24.46,26.098333333333333,4.315680324892889,22.77,33.6,31.03583333333334,6.509576802797197,22.77,41.21,29.4525,6.890723600546679,17.81,41.21,30.800833333333333,7.808554456174049,17.81,47.74,34.39744047619048,12.486252607890505,17.81,114.54,1.6900000000000013,4.690000000000001,-9.43,6.890723600546679
2025-01-12 08:00:00+00:00,22.43,8,6,12,12,2,1,1,1,0.8660254037844387,-0.4999999999999998,-0.7818314824680299,0.6234898018587334,0.49999999999999994,0.8660254037844387,16.27,24.46,22.77,33.6,37.3,24.03,22.54,24.71,19.82,21.166666666666668,4.324006629659005,16.27,24.46,23.978333333333335,5.556860324559869,16.27,33.6,28.9575,6.933469713839356,16.27,39.13,29.366666666666664,7.046365493406316,16.27,41.21,30.7225,7.936711495430727,16.27,47.74,34.38380952380952,12.50488157660594,16.27,114.54,-8.190000000000001,-2.0599999999999987,-12.719999999999999,7.046365493406316
2025-01-12 09:00:00+00:00,19.88,9,6,12,12,2,1,1,1,0.7071067811865476,-0.7071067811865475,-0.7818314824680299,0.6234898018587334,0.49999999999999994,0.8660254037844387,22.43,16.27,24.46,23.35,39.13,20.97,26.78,25.56,21.58,21.053333333333335,4.265024423533237,16.27,24.46,22.116666666666664,2.9468469024819757,16.27,24.46,27.718333333333334,6.629051534150615,16.27,39.13,29.3,7.106365181086396,16.27,41.21,30.720208333333332,7.939139909893601,16.27,47.74,34.399345238095236,12.488289850938557,16.27,114.54,6.16,-1.6000000000000014,-11.170000000000002,7.106365181086396
2025-01-12 10:00:00+00:00,18.4,10,6,12,12,2,1,1,1,0.49999999999999994,-0.8660254037844387,-0.7818314824680299,0.6234898018587334,0.49999999999999994,0.8660254037844387,19.88,22.43,16.27,23.42,30.18,17.81,25.22,27.87,26.28,19.526666666666667,3.095162892859596,16.27,22.43,21.538333333333338,2.996474039044492,16.27,24.46,26.114166666666666,5.906242396179206,16.27,34.13,29.254583333333333,7.1651566196461145,16.27,41.21,30.576458333333335,8.073334487243045,16.27,47.74,34.389226190476194,12.499423124270553,16.27,114.54,-2.5500000000000007,-1.0899999999999999,-3.4700000000000024,7.1651566196461145
2025-01-12 11:00:00+00:00,23.6,11,6,12,12,2,1,1,1,0.258819045102521,-0.9659258262890682,-0.7818314824680299,0.6234898018587334,0.49999999999999994,0.8660254037844387,18.4,19.88,22.43,22.77,34.13,24.84,23.95,29.38,23.59,20.236666666666665,2.0385370571404886,18.4,22.43,20.701666666666664,3.0660294627853157,16.27,24.46,25.132499999999997,6.143244811838635,16.27,34.13,29.27916666666667,7.1250836252402845,16.27,41.21,30.434375,8.228137739786186,16.27,47.74,34.34232142857143,12.544738571854923,16.27,114.54,-1.4800000000000004,0.5899999999999999,-5.020000000000003,7.1250836252402845
2025-01-12 12:00:00+00:00,25.02,12,6,12,12,2,1,1,1,1.2246467991473532e-16,-1.0,-0.7818314824680299,0.6234898018587334,0.49999999999999994,0.8660254037844387,23.6,18.4,19.88,24.46,33.89,29.92,26.93,25.38,25.87,20.626666666666665,2.67920386184684,18.4,23.6,20.84,3.1940632429557416,16.27,24.46,24.255,5.4546685592169215,16.27,33.89,29.227500000000003,7.163067869589705,16.27,41.21,30.427083333333332,8.234159249498362,16.27,47.74,34.34238095238096,12.544687271042578,16.27,114.54,5.200000000000003,-1.2399999999999984,0.8300000000000018,7.163067869589705
2025-01-12 13:00:00+00:00,25.43,13,6,12,12,2,1,1,1,-0.2588190451025208,-0.9659258262890683,-0.7818314824680299,0.6234898018587334,0.49999999999999994,0.8660254037844387,25.02,23.6,18.4,16.27,28.99,29.61,32.83,28.89,27.45,22.340000000000003,3.485225961110949,18.4,25.02,20.933333333333334,3.3264375338592505,16.27,25.02,23.515833333333333,4.557542117360595,16.27,33.6,29.023333333333337,7.212135103672405,16.27,41.21,30.38729166666667,8.256004581987678,16.27,47.74,34.33732142857143,12.548295705697322,16.27,114.54,1.4199999999999982,-4.900000000000002,0.5599999999999987,7.212135103672405
2025-01-12 14:00:00+00:00,29.69,14,6,12,12,2,1,1,1,-0.4999999999999997,-0.8660254037844388,-0.7818314824680299,0.6234898018587334,0.49999999999999994,0.8660254037844387,25.43,25.02,23.6,22.43,33.6,25.82,31.89,35.11,25.43,24.683333333333334,0.960329804460497,23.6,25.43,22.459999999999997,2.821878806752862,18.4,25.43,23.219166666666666,4.275984646484392,16.27,33.6,28.849166666666665,7.2477354284342015,16.27,41.21,30.233125,8.278481245296357,16.27,47.74,34.325297619047625,12.555900153051848,16.27,114.54,0.41000000000000014,-4.18,9.16,7.2477354284342015
2025-01-12 15:00:00+00:00,31.14,15,6,12,12,2,1,1,1,-0.7071067811865471,-0.7071067811865479,-0.7818314824680299,0.6234898018587334,0.49999999999999994,0.8660254037844387,29.69,25.43,25.02,19.88,23.35,31.0,36.85,37.69,32.75,26.713333333333335,2.5860072183455336,25.02,29.69,23.67,4.0817251254832145,18.4,29.69,22.893333333333334,3.4897312564758916,16.27,29.69,29.010416666666668,7.220410369625655,16.27,41.21,30.187291666666667,8.275202315347293,16.27,47.74,34.350654761904764,12.542122233005138,16.27,114.54,4.260000000000002,3.870000000000001,7.260000000000002,7.220410369625655
2025-01-12 16:00:00+00:00,34.8,16,6,12,12,2,1,1,1,-0.8660254037844385,-0.5000000000000004,-0.7818314824680299,0.6234898018587334,0.49999999999999994,0.8660254037844387,31.14,29.69,25.43,18.4,23.42,37.79,38.83,40.11,35.38,28.753333333333334,2.9680015723269513,25.43,31.14,25.546666666666667,4.55209695268759,18.4,31.14,23.5425,4.228715955980512,16.27,31.14,29.01625,7.222143974399646,16.27,41.21,30.06833333333333,8.21823150550131,16.27,47.74,34.34107142857143,12.543967562077803,16.27,114.54,1.4499999999999993,0.14000000000000057,11.260000000000002,7.222143974399646
2025-01-12 17:00:00+00:00,38.24,17,6,12,12,2,1,1,1,-0.9659258262890683,-0.25881904510252063,-0.7818314824680299,0.6234898018587334,0.49999999999999994,0.8660254037844387,34.8,31.14,29.69,23.6,22.77,34.92,39.16,50.52,43.46,31.876666666666665,2.6334451453059153,29.69,34.8,28.28,4.3204305341020115,23.6,34.8,24.49083333333333,5.331098229570886,16.27,34.8,28.891666666666666,7.088772302283646,16.27,41.21,29.984375,8.147094484368901,16.27,47.74,34.33761904761905,12.543759726237386,16.27,114.54,3.6599999999999966,-2.990000000000002,16.4,7.088772302283646
2025-01-12 18:00:00+00:00,42.14,18,6,12,12,2,1,1,1,-1.0,-1.8369701987210297e-16,-0.7818314824680299,0.6234898018587334,0.49999999999999994,0.8660254037844387,38.24,34.8,31.14,25.02,24.46,39.39,47.74,86.54,38.41,34.72666666666667,3.550568029672908,31.14,38.24,30.72,5.194385430443242,25.02,38.24,25.78,6.597255627772983,16.27,38.24,29.03,7.242258835714093,16.27,41.21,29.965208333333333,8.126103981190537,16.27,47.74,34.30654761904762,12.527482410867915,16.27,114.54,3.440000000000005,3.3200000000000003,14.64,7.242258835714093
2025-01-12 19:00:00+00:00,36.08,19,6,12,12,2,1,1,1,-0.9659258262890684,0.2588190451025203,-0.7818314824680299,0.6234898018587334,0.49999999999999994,0.8660254037844387,42.14,38.24,34.8,25.43,16.27,41.21,44.96,46.32,40.64,38.39333333333334,3.6724015757179185,34.8,42.14,33.57333333333333,6.066061874615831,25.43,42.14,27.25333333333333,8.08264283211349,16.27,42.14,29.14458333333333,7.432550606251756,16.27,42.14,29.848541666666666,7.902607431157962,16.27,44.96,34.32875,12.538099311948654,16.27,114.54,3.8999999999999986,2.75,17.12,7.432550606251756
2025-01-12 20:00:00+00:00,44.85,20,6,12,12,2,1,1,1,-0.8660254037844386,0.5000000000000001,-0.7818314824680299,0.6234898018587334,0.49999999999999994,0.8660254037844387,36.08,42.14,38.24,29.69,22.43,37.3,38.66,46.2,40.14,38.82,3.0713514940498285,36.08,42.14,35.34833333333333,4.5836946524248035,29.69,42.14,28.904166666666665,7.6467086898795325,18.4,42.14,28.930833333333336,7.138425667785113,16.27,42.14,29.663541666666664,7.64092939918525,16.27,43.84,34.301607142857144,12.529287430233596,16.27,114.54,-6.060000000000002,-5.130000000000003,10.649999999999999,7.138425667785113
2025-01-12 21:00:00+00:00,34.3,21,6,12,12,2,1,1,1,-0.7071067811865477,0.7071067811865474,-0.7818314824680299,0.6234898018587334,0.49999999999999994,0.8660254037844387,44.85,36.08,42.14,31.14,19.88,39.13,43.84,45.11,36.97,41.02333333333333,4.490371179906573,36.08,44.85,37.875,5.000238994288282,31.14,44.85,30.772499999999997,8.600530771147492,18.4,44.85,29.245416666666667,7.669860822481232,16.27,44.85,29.7925,7.8454929465565275,16.27,44.85,34.32964285714286,12.54768580389873,16.27,114.54,8.770000000000003,7.550000000000004,15.16,7.669860822481232
2025-01-12 22:00:00+00:00,37.8,22,6,12,12,2,1,1,1,-0.5000000000000004,0.8660254037844384,-0.7818314824680299,0.6234898018587334,0.49999999999999994,0.8660254037844387,34.3,44.85,36.08,34.8,18.4,30.18,40.72,41.69,41.74,38.410000000000004,5.647769471216233,34.3,44.85,38.401666666666664,4.260706123011509,34.3,44.85,31.974166666666665,7.920795940644703,18.4,44.85,29.044166666666666,7.459710285006548,16.27,44.85,29.59375,7.599022788518645,16.27,44.85,34.31375,12.546012305726828,16.27,114.54,-10.550000000000004,-4.830000000000005,3.1599999999999966,7.459710285006548
2025-01-12 23:00:00+00:00,38.06,23,6,12,12,2,1,1,1,-0.25881904510252157,0.9659258262890681,-0.7818314824680299,0.6234898018587334,0.49999999999999994,0.8660254037844387,37.8,34.3,44.85,38.24,23.6,34.13,42.92,42.79,39.18,38.98333333333333,5.373623854842788,34.3,44.85,38.90166666666667,3.915560836798192,34.3,44.85,33.590833333333336,6.798717069262333,23.6,44.85,29.361666666666668,7.6693702857347255,16.27,44.85,29.53291666666667,7.519327425313926,16.27,44.85,34.29029761904762,12.535725542662151,16.27,114.54,3.5,7.619999999999997,3.0,7.6693702857347255
2025-01-13 00:00:00+00:00,149.89,0,0,13,13,3,1,1,0,0.0,1.0,0.0,1.0,0.49999999999999994,0.8660254037844387,38.06,37.8,34.3,42.14,25.02,33.89,32.64,36.79,41.1,36.72,2.0998095151708367,34.3,38.06,38.87166666666667,3.9223279652099157,34.3,44.85,34.79583333333333,6.113922202397563,25.02,44.85,29.52541666666667,7.81615661093528,16.27,44.85,29.43166666666667,7.366396484246603,16.27,44.85,34.28363095238095,12.533407163276602,16.27,114.54,0.2600000000000051,3.9299999999999997,-0.17999999999999972,7.81615661093528
2025-01-13 01:00:00+00:00,34.45,1,0,13,13,3,1,1,0,0.25881904510252074,0.9659258262890683,0.0,1.0,0.49999999999999994,0.8660254037844387,149.89,38.06,37.8,36.08,25.43,28.99,31.92,35.72,34.44,75.25,64.64026686207293,37.8,149.89,56.830000000000005,45.73029892751632,34.3,149.89,45.20166666666666,33.388762898298395,25.43,149.89,34.35875,25.80279700249906,16.27,149.89,31.874374999999997,18.88594410421271,16.27,149.89,34.93119047619047,15.375798107303417,16.27,149.89,111.82999999999998,115.99999999999999,107.74999999999999,25.80279700249906
2025-01-13 02:00:00+00:00,32.9,2,0,13,13,3,1,1,0,0.49999999999999994,0.8660254037844387,0.0,1.0,0.49999999999999994,0.8660254037844387,34.45,149.89,38.06,44.85,29.69,33.6,30.88,32.51,37.63,74.13333333333333,65.63202292580458,34.45,149.89,56.55833333333334,45.8828078550852,34.3,149.89,45.95333333333334,33.002484571298375,29.69,149.89,34.58625,25.777460969260325,16.27,149.89,31.927083333333332,18.88960425098592,16.27,149.89,34.93125,15.375796213744078,16.27,149.89,-115.43999999999998,5.460000000000004,-1.6299999999999955,25.777460969260325
2025-01-13 03:00:00+00:00,29.6,3,0,13,13,3,1,1,0,0.7071067811865476,0.7071067811865476,0.0,1.0,0.49999999999999994,0.8660254037844387,32.9,34.45,149.89,34.3,31.14,23.35,29.19,31.34,28.03,72.41333333333333,67.10123719674128,32.9,149.89,54.56666666666666,46.743965457229535,32.9,149.89,46.22083333333333,32.87142817328621,31.14,149.89,34.55708333333333,25.779021379740193,16.27,149.89,31.969166666666666,18.889472001151052,16.27,149.89,34.90309523809524,15.37515547664462,16.27,149.89,-1.5500000000000043,-0.7000000000000028,-11.950000000000003,25.779021379740193
2025-01-13 04:00:00+00:00,26.94,4,0,13,13,3,1,1,0,0.8660254037844386,0.5000000000000001,0.0,1.0,0.49999999999999994,0.8660254037844387,29.6,32.9,34.45,37.8,34.8,23.42,21.62,34.51,30.59,32.31666666666667,2.4770614310779915,29.6,34.45,53.78333333333334,47.18878369556337,29.6,149.89,46.0925,32.93859524658241,29.6,149.89,34.8175,25.692308991298315,16.27,149.89,31.97770833333333,18.888281207588754,16.27,149.89,34.912440476190476,15.371429578989224,16.27,149.89,-3.299999999999997,6.25,-4.699999999999996,25.692308991298315
2025-01-13 05:00:00+00:00,28.47,5,0,13,13,3,1,1,0,0.9659258262890683,0.25881904510252074,0.0,1.0,0.49999999999999994,0.8660254037844387,26.94,29.6,32.9,38.06,38.24,22.77,21.71,114.54,32.53,29.813333333333333,2.985721576660136,26.94,32.9,51.973333333333336,48.123481863500565,26.94,149.89,45.43749999999999,33.26014681129791,26.94,149.89,34.964166666666664,25.63439841080844,16.27,149.89,32.088541666666664,18.841761898639827,16.27,149.89,34.89071428571429,15.38015256426003,16.27,149.89,-2.66,3.5199999999999996,-10.859999999999996,25.63439841080844
2025-01-13 06:00:00+00:00,25.65,6,0,13,13,3,1,1,0,1.0,6.123233995736766e-17,0.0,1.0,0.49999999999999994,0.8660254037844387,28.47,26.94,29.6,149.89,42.14,24.46,19.77,26.77,22.99,28.33666666666667,1.3350031210951354,26.94,29.6,50.375,48.832049619077026,26.94,149.89,44.623333333333335,33.570480358719195,26.94,149.89,35.20166666666667,25.542749786713784,16.27,149.89,32.229375,18.787723063185073,16.27,149.89,34.866547619047616,15.387072301049306,16.27,149.89,1.5299999999999976,5.699999999999999,-9.590000000000003,25.542749786713784
2025-01-13 07:00:00+00:00,22.03,7,0,13,13,3,1,1,0,0.9659258262890683,-0.25881904510252063,0.0,1.0,0.49999999999999994,0.8660254037844387,25.65,28.47,26.94,34.45,36.08,16.27,18.33,20.03,23.05,27.02,1.4117011015084902,25.65,28.47,29.668333333333337,3.415830304138076,25.65,34.45,43.24916666666667,34.01591751955207,25.65,149.89,35.25125,25.522138269506858,16.27,149.89,32.351875,18.72381753858132,16.27,149.89,34.88238095238095,15.376142817683977,16.27,149.89,-2.8200000000000003,1.1899999999999977,-124.23999999999998,25.522138269506858
2025-01-13 08:00:00+00:00,25.67,8,0,13,13,3,1,1,0,0.8660254037844387,-0.4999999999999998,0.0,1.0,0.49999999999999994,0.8660254037844387,22.03,25.65,28.47,32.9,44.85,22.43,24.03,22.54,24.37,25.383333333333336,3.2282709510407326,22.03,28.47,27.598333333333333,3.690796210395258,22.03,32.9,42.07833333333333,34.523134491982546,22.03,149.89,35.49125,25.36246855913367,18.4,149.89,32.428958333333334,18.67240884522759,16.27,149.89,34.876309523809525,15.381043529984757,16.27,149.89,-3.6199999999999974,5.760000000000002,-12.420000000000002,25.36246855913367
2025-01-13 09:00:00+00:00,24.53,9,0,13,13,3,1,1,0,0.7071067811865476,-0.7071067811865475,0.0,1.0,0.49999999999999994,0.8660254037844387,25.67,22.03,25.65,29.6,34.3,19.88,20.97,26.78,23.21,24.450000000000003,2.095805334471694,22.03,25.67,26.39333333333334,2.6460738210919192,22.03,29.6,40.48,34.82581357138826,22.03,149.89,35.62625,25.298465293287112,18.4,149.89,32.463125,18.658208524554144,16.27,149.89,34.884047619047614,15.376052429316701,16.27,149.89,3.6400000000000006,3.240000000000002,-7.229999999999997,25.298465293287112
2025-01-13 10:00:00+00:00,26.79,10,0,13,13,3,1,1,0,0.49999999999999994,-0.8660254037844387,0.0,1.0,0.49999999999999994,0.8660254037844387,24.53,25.67,22.03,26.94,37.8,18.4,17.81,25.22,21.59,24.076666666666668,1.861862866414523,22.03,25.67,25.548333333333343,2.1869468824523333,22.03,28.47,39.66583333333333,35.09657570925049,22.03,149.89,35.82,25.190202891980267,18.4,149.89,32.53729166666667,18.618584600040506,16.27,149.89,34.891904761904755,15.370387500613608,16.27,149.89,-1.1400000000000006,4.650000000000002,-5.07,25.190202891980267
2025-01-13 11:00:00+00:00,27.92,11,0,13,13,3,1,1,0,0.258819045102521,-0.9659258262890682,0.0,1.0,0.49999999999999994,0.8660254037844387,26.79,24.53,25.67,28.47,38.06,23.6,24.84,23.95,27.23,25.66333333333333,1.1300147491663477,24.53,26.79,25.52333333333334,2.168637052774848,22.03,28.47,38.74833333333333,35.29314891882078,22.03,149.89,36.16958333333333,24.995405574201854,22.03,149.89,32.724375,18.512266078083066,16.27,149.89,34.92285714285714,15.348660599772687,16.27,149.89,2.259999999999998,8.39,-0.15000000000000213,24.995405574201854
2025-01-13 12:00:00+00:00,26.35,12,0,13,13,3,1,1,0,1.2246467991473532e-16,-1.0,0.0,1.0,0.49999999999999994,0.8660254037844387,27.92,26.79,24.53,25.65,149.89,25.02,29.92,26.93,26.47,26.41333333333333,1.7261035117667698,24.53,27.92,25.431666666666672,2.026113685524083,22.03,27.92,37.90333333333333,35.4322409250346,22.03,149.89,36.349583333333335,24.916382332001838,22.03,149.89,32.78854166666667,18.489680156673874,16.27,149.89,34.926964285714284,15.346681935124558,16.27,149.89,1.1300000000000026,4.32,-0.5499999999999972,24.916382332001838
2025-01-13 13:00:00+00:00,29.43,13,0,13,13,3,1,1,0,-0.2588190451025208,-0.9659258262890683,0.0,1.0,0.49999999999999994,0.8660254037844387,26.35,27.92,26.79,22.03,34.45,25.43,29.61,32.83,32.72,27.02,0.809876533800254,26.35,27.92,25.548333333333336,2.061052320216055,22.03,27.92,27.608333333333334,3.4443942159909784,22.03,34.45,36.404999999999994,24.891555229417285,22.03,149.89,32.714166666666664,18.508634883432848,16.27,149.89,34.926249999999996,15.347080694819239,16.27,149.89,-1.5700000000000003,1.3300000000000018,0.7000000000000028,24.891555229417285
2025-01-13 14:00:00+00:00,35.29,14,0,13,13,3,1,1,0,-0.4999999999999997,-0.8660254037844388,0.0,1.0,0.49999999999999994,0.8660254037844387,29.43,26.35,27.92,25.67,32.9,29.69,25.82,31.89,31.83,27.900000000000002,1.540097399517452,26.35,29.43,26.78166666666667,1.7205628923895853,24.53,29.43,27.189999999999998,2.7783644632966538,22.03,32.9,36.571666666666665,24.828185537840852,22.03,149.89,32.71041666666667,18.509295417275396,16.27,149.89,34.90666666666667,15.35201107061142,16.27,149.89,3.0799999999999983,4.0,7.399999999999999,24.828185537840852
2025-01-13 15:00:00+00:00,37.53,15,0,13,13,3,1,1,0,-0.7071067811865471,-0.7071067811865479,0.0,1.0,0.49999999999999994,0.8660254037844387,35.29,29.43,26.35,24.53,29.6,31.14,31.0,36.85,40.59,30.35666666666667,4.541468191381952,26.35,35.29,28.38500000000001,3.7558900409891374,24.53,35.29,27.389166666666668,3.2675024054616353,22.03,35.29,36.805,24.78698027804816,22.03,149.89,32.90770833333334,18.484741751381016,16.27,149.89,34.927261904761906,15.350179647562182,16.27,149.89,5.859999999999999,5.599999999999998,9.619999999999997,24.78698027804816
2025-01-13 16:00:00+00:00,38.37,16,0,13,13,3,1,1,0,-0.8660254037844385,-0.5000000000000004,0.0,1.0,0.49999999999999994,0.8660254037844387,37.53,35.29,29.43,26.79,26.94,34.8,37.79,38.83,37.17,34.083333333333336,4.182646689996007,29.43,37.53,30.551666666666677,4.714591887604707,26.35,37.53,28.05,4.3708809180759625,22.03,37.53,37.07125,24.75778583070649,22.03,149.89,33.04375,18.49442971056824,16.27,149.89,34.90904761904762,15.345234772569096,16.27,149.89,2.240000000000002,6.390000000000001,13.0,24.75778583070649
2025-01-13 17:00:00+00:00,40.78,17,0,13,13,3,1,1,0,-0.9659258262890683,-0.25881904510252063,0.0,1.0,0.49999999999999994,0.8660254037844387,38.37,37.53,35.29,27.92,28.47,38.24,34.92,39.16,40.39,37.06333333333333,1.5921473968621458,35.29,38.37,32.48166666666667,5.210828788846181,26.35,38.37,29.002499999999998,5.261643581792547,22.03,38.37,37.22,24.754270777769456,22.03,149.89,33.05583333333333,18.497785817276736,16.27,149.89,34.91619047619048,15.346572724314155,16.27,149.89,0.8399999999999963,3.5700000000000003,11.579999999999998,24.754270777769456
2025-01-13 18:00:00+00:00,45.27,18,0,13,13,3,1,1,0,-1.0,-1.8369701987210297e-16,0.0,1.0,0.49999999999999994,0.8660254037844387,40.78,38.37,37.53,26.35,25.65,42.14,39.39,47.74,44.82,38.89333333333334,1.6870190672707746,37.53,40.78,34.62500000000001,5.590240603051139,26.35,40.78,30.028333333333336,6.2546838207035025,22.03,40.78,37.325833333333335,24.76424893596249,22.03,149.89,33.17791666666667,18.529661093722876,16.27,149.89,34.9185119047619,15.347435161478465,16.27,149.89,2.4100000000000037,2.539999999999999,12.86,24.76424893596249
2025-01-13 19:00:00+00:00,41.6,19,0,13,13,3,1,1,0,-0.9659258262890684,0.2588190451025203,0.0,1.0,0.49999999999999994,0.8660254037844387,45.27,40.78,38.37,29.43,22.03,36.08,41.21,44.96,40.71,41.473333333333336,3.501861409784163,38.37,45.27,37.77833333333334,5.318520157587858,29.43,45.27,31.66333333333333,7.455270659477158,22.03,45.27,37.456250000000004,24.798921752945148,22.03,149.89,33.30041666666666,18.590938190457702,16.27,149.89,34.921190476190475,15.349212771540321,16.27,149.89,4.490000000000002,3.1300000000000026,18.92,24.798921752945148
2025-01-13 20:00:00+00:00,44.79,20,0,13,13,3,1,1,0,-0.8660254037844386,0.5000000000000001,0.0,1.0,0.49999999999999994,0.8660254037844387,41.6,45.27,40.78,35.29,25.67,44.85,37.3,38.66,44.69,42.550000000000004,2.3910039732301427,40.78,45.27,39.80666666666667,3.5116643727253405,35.29,45.27,33.29416666666667,7.295157121285511,24.53,45.27,37.68625,24.811197474299703,22.03,149.89,33.30854166666666,18.594553422358672,16.27,149.89,34.92648809523809,15.351376116508776,16.27,149.89,-3.6700000000000017,5.520000000000003,12.170000000000002,24.811197474299703
2025-01-13 21:00:00+00:00,42.57,21,0,13,13,3,1,1,0,-0.7071067811865477,0.7071067811865474,0.0,1.0,0.49999999999999994,0.8660254037844387,44.79,41.6,45.27,37.53,24.53,34.3,39.13,43.84,47.05,43.88666666666668,1.99480157743467,41.6,45.27,41.39000000000001,3.195327839205525,37.53,45.27,34.887499999999996,7.561711115878483,24.53,45.27,37.683749999999996,24.81044727572922,22.03,149.89,33.46458333333333,18.6600734255851,16.27,149.89,34.927083333333336,15.351758890203886,16.27,149.89,3.1899999999999977,-0.060000000000002274,9.5,24.81044727572922
2025-01-13 22:00:00+00:00,41.53,22,0,13,13,3,1,1,0,-0.5000000000000004,0.8660254037844384,0.0,1.0,0.49999999999999994,0.8660254037844387,42.57,44.79,41.6,38.37,26.79,37.8,30.18,40.72,38.77,42.98666666666667,1.6353083297457138,41.6,44.79,42.23000000000001,2.581077294464828,38.37,45.27,36.39083333333334,7.094153108957648,26.35,45.27,38.028333333333336,24.81883640664305,22.03,149.89,33.53625,18.688878889567896,16.27,149.89,34.90041666666667,15.334455991130307,16.27,149.89,-2.219999999999999,8.270000000000003,5.039999999999999,24.81883640664305
2025-01-13 23:00:00+00:00,43.24,23,0,13,13,3,1,1,0,-0.25881904510252157,0.9659258262890681,0.0,1.0,0.49999999999999994,0.8660254037844387,41.53,42.57,44.79,40.78,27.92,38.06,34.13,42.92,41.66,42.96333333333334,1.665212699127566,41.53,44.79,42.75666666666667,1.8566600837710046,40.78,45.27,37.619166666666665,6.534707976132781,26.35,45.27,38.18375,24.82902103036057,22.03,149.89,33.772708333333334,18.71729144112054,16.27,149.89,34.916845238095235,15.340103917231922,16.27,149.89,-1.0399999999999991,3.730000000000004,3.1600000000000037,24.82902103036057
2025-01-14 00:00:00+00:00,40.38,0,1,14,14,3,1,1,0,0.0,1.0,0.7818314824680298,0.6234898018587336,0.49999999999999994,0.8660254037844387,43.24,41.53,42.57,45.27,26.35,149.89,33.89,32.64,39.67,42.446666666666665,0.8616457121901366,41.53,43.24,43.16666666666668,1.5845335801643838,41.53,45.27,38.895833333333336,5.936695527638147,26.35,45.27,38.39958333333333,24.850403632303564,22.03,149.89,33.9625,18.767112418021018,16.27,149.89,34.926249999999996,15.344746421479924,16.27,149.89,1.7100000000000009,5.18,2.460000000000001,24.850403632303564
2025-01-14 01:00:00+00:00,37.94,1,1,14,14,3,1,1,0,0.25881904510252074,0.9659258262890683,0.7818314824680298,0.6234898018587336,0.49999999999999994,0.8660254037844387,40.38,43.24,41.53,41.6,29.43,34.45,28.99,31.92,38.57,41.71666666666667,1.4391085203470761,40.38,43.24,42.351666666666674,1.543365370438428,40.38,44.79,40.065000000000005,4.432209586445766,29.43,45.27,33.836666666666666,7.453049954427324,22.03,45.27,34.09770833333334,18.789943806556384,16.27,149.89,34.93047619047619,15.346158457822705,16.27,149.89,-2.8599999999999994,-109.50999999999999,-4.890000000000001,7.453049954427324
2025-01-14 02:00:00+00:00,36.58,2,1,14,14,3,1,1,0,0.49999999999999994,0.8660254037844387,0.7818314824680298,0.6234898018587336,0.49999999999999994,0.8660254037844387,37.94,40.38,43.24,44.79,35.29,32.9,33.6,30.88,30.93,40.52,2.652772134956578,37.94,43.24,41.741666666666674,2.390610103439818,37.94,44.79,40.774166666666666,3.0371441679593674,35.29,45.27,33.98208333333333,7.499439387260164,22.03,45.27,34.28416666666667,18.782585396701847,16.27,149.89,34.926726190476195,15.345340727151152,16.27,149.89,-2.440000000000005,3.489999999999995,-3.6600000000000037,7.499439387260164
2025-01-14 03:00:00+00:00,30.78,3,1,14,14,3,1,1,0,0.7071067811865476,0.7071067811865476,0.7818314824680298,0.6234898018587336,0.49999999999999994,0.8660254037844387,36.58,37.94,40.38,42.57,37.53,29.6,23.35,29.19,28.13,38.300000000000004,1.9254090474498693,36.58,40.38,40.373333333333335,2.6340665645857393,36.58,43.24,40.88166666666667,2.8419418244104206,36.58,45.27,34.135416666666664,7.51395974990478,22.03,45.27,34.34625,18.785200673980103,16.27,149.89,34.96035714285714,15.342720089733916,16.27,149.89,-1.3599999999999994,3.6799999999999997,-8.21,7.51395974990478
2025-01-14 04:00:00+00:00,30.02,4,1,14,14,3,1,1,0,0.8660254037844386,0.5000000000000001,0.7818314824680298,0.6234898018587336,0.49999999999999994,0.8660254037844387,30.78,36.58,37.94,41.53,38.37,26.94,23.42,21.62,30.33,35.1,3.802525476574933,30.78,37.94,38.40833333333334,4.443667029230304,30.78,43.24,40.31916666666667,3.9983643436088143,30.78,45.27,34.18458333333333,7.486804031190476,22.03,45.27,34.501041666666666,18.72317226708413,16.27,149.89,34.97613095238095,15.337016937255008,16.27,149.89,-5.799999999999997,1.1799999999999997,-11.79,7.486804031190476
2025-01-14 05:00:00+00:00,25.47,5,1,14,14,3,1,1,0,0.9659258262890683,0.25881904510252074,0.7818314824680298,0.6234898018587336,0.49999999999999994,0.8660254037844387,30.02,30.78,36.58,43.24,40.78,28.47,22.77,21.71,27.69,32.46,3.588202892814326,30.02,36.58,36.49,5.239660294332237,30.02,43.24,39.623333333333335,4.97557184165952,30.02,45.27,34.312916666666666,7.382900030632916,22.03,45.27,34.63854166666666,18.664205244330194,16.27,149.89,34.97428571428571,15.337597910571965,16.27,149.89,-0.7600000000000016,3.0799999999999983,-11.510000000000002,7.382900030632916
2025-01-14 06:00:00+00:00,25.47,6,1,14,14,3,1,1,0,1.0,6.123233995736766e-17,0.7818314824680298,0.6234898018587336,0.49999999999999994,0.8660254037844387,25.47,30.02,30.78,40.38,45.27,25.65,24.46,19.77,25.99,28.756666666666664,2.871590732213416,25.47,30.78,33.52833333333334,5.666026532471271,25.47,40.38,38.347500000000004,6.408555538567885,25.47,45.27,34.187916666666666,7.510422890407324,22.03,45.27,34.69479166666667,18.631715238314257,16.27,149.89,34.96107142857143,15.344865962921185,16.27,149.89,-4.550000000000001,-3.0,-17.770000000000003,7.510422890407324
2025-01-14 07:00:00+00:00,23.33,7,1,14,14,3,1,1,0,0.9659258262890683,-0.25881904510252063,0.7818314824680298,0.6234898018587336,0.49999999999999994,0.8660254037844387,25.47,25.47,30.02,37.94,41.6,22.03,16.27,18.33,25.23,26.986666666666665,2.6269437248128784,25.47,30.02,31.043333333333337,5.319009932935676,25.47,37.94,36.6975,6.987029704453046,25.47,44.79,34.180416666666666,7.519404161851924,22.03,45.27,34.71583333333333,18.620477612693588,16.27,149.89,34.95797619047619,15.346738698956221,16.27,149.89,0.0,-0.17999999999999972,-14.910000000000004,7.519404161851924
2025-01-14 08:00:00+00:00,23.56,8,1,14,14,3,1,1,0,0.8660254037844387,-0.4999999999999998,0.7818314824680298,0.6234898018587336,0.49999999999999994,0.8660254037844387,23.33,25.47,25.47,36.58,44.79,25.67,22.43,24.03,22.32,24.756666666666664,1.235529576065799,23.33,25.47,28.608333333333334,4.85418341914151,23.33,36.58,35.175,7.76849055187336,23.33,44.79,34.23458333333333,7.432249340113923,23.33,45.27,34.86291666666666,18.499162023383015,18.4,149.89,34.946666666666665,15.354648544858582,16.27,149.89,-2.1400000000000006,1.2999999999999972,-14.61,7.432249340113923
2025-01-14 09:00:00+00:00,25.15,9,1,14,14,3,1,1,0,0.7071067811865476,-0.7071067811865475,0.7818314824680298,0.6234898018587336,0.49999999999999994,0.8660254037844387,23.56,23.33,25.47,30.78,42.57,24.53,19.88,20.97,24.94,24.12,1.1747765745025724,23.33,25.47,26.438333333333336,3.2093701355045248,23.33,30.78,33.40583333333333,7.79711188760807,23.33,43.24,34.14666666666667,7.54951980428974,23.33,45.27,34.88645833333333,18.483716063880184,18.4,149.89,34.95404761904762,15.348839517587022,16.27,149.89,0.23000000000000043,-2.110000000000003,-13.02,7.54951980428974
2025-01-14 10:00:00+00:00,22.61,10,1,14,14,3,1,1,0,0.49999999999999994,-0.8660254037844387,0.7818314824680298,0.6234898018587336,0.49999999999999994,0.8660254037844387,25.15,23.56,23.33,30.02,41.53,26.79,18.4,17.81,26.1,24.013333333333332,0.9910768554119956,23.33,25.15,25.500000000000004,2.4094480695797627,23.33,30.02,31.954166666666666,7.55364626982872,23.33,43.24,34.1725,7.516169381667348,23.33,45.27,34.996249999999996,18.40817979895456,18.4,149.89,34.95529761904762,15.348027625942718,16.27,149.89,1.5899999999999999,0.6199999999999974,-5.630000000000003,7.516169381667348
2025-01-14 11:00:00+00:00,31.48,11,1,14,14,3,1,1,0,0.258819045102521,-0.9659258262890682,0.7818314824680298,0.6234898018587336,0.49999999999999994,0.8660254037844387,22.61,25.15,23.56,25.47,43.24,27.92,23.6,24.84,25.17,23.77333333333333,1.283367964900685,22.61,25.15,24.265000000000004,1.2488034272861475,22.61,25.47,30.377499999999998,7.344878394933716,22.61,43.24,33.998333333333335,7.739780171390527,22.61,45.27,35.083958333333335,18.337315372269114,22.03,149.89,34.93452380952381,15.362440308329099,16.27,149.89,-2.539999999999999,-4.18,-7.41,7.739780171390527
2025-01-14 12:00:00+00:00,25.8,12,1,14,14,3,1,1,0,1.2246467991473532e-16,-1.0,0.7818314824680298,0.6234898018587336,0.49999999999999994,0.8660254037844387,31.48,22.61,25.15,25.47,40.38,26.35,25.02,29.92,33.69,26.41333333333333,4.56795723856226,22.61,31.48,25.26666666666667,3.2367185028464105,22.61,31.48,29.397499999999997,6.161953829752418,22.61,40.38,34.14666666666667,7.65183789611401,22.61,45.27,35.248124999999995,18.26745678140881,22.03,149.89,34.97208333333334,15.346129116727301,16.27,149.89,8.870000000000001,3.5599999999999987,6.010000000000002,7.65183789611401
2025-01-14 13:00:00+00:00,27.69,13,1,14,14,3,1,1,0,-0.2588190451025208,-0.9659258262890683,0.7818314824680298,0.6234898018587336,0.49999999999999994,0.8660254037844387,25.8,31.48,22.61,23.33,37.94,29.43,25.43,29.61,32.62,26.63,4.492872132611835,22.61,31.48,25.32166666666667,3.2436609974946995,22.61,31.48,28.1825,5.154683880616877,22.61,37.94,34.12375,7.676985828633799,22.61,45.27,35.264375,18.25850940133151,22.03,149.89,34.92511904761905,15.36214088077676,16.27,149.89,-5.68,-0.5500000000000007,0.33000000000000185,7.676985828633799
2025-01-14 14:00:00+00:00,36.21,14,1,14,14,3,1,1,0,-0.4999999999999997,-0.8660254037844388,0.7818314824680298,0.6234898018587336,0.49999999999999994,0.8660254037844387,27.69,25.8,31.48,23.56,36.58,35.29,29.69,25.82,31.04,28.323333333333334,2.8924787524428544,25.8,31.48,26.048333333333343,3.1962691793195885,22.61,31.48,27.328333333333333,4.140234585653697,22.61,36.58,34.05125,7.731264204232893,22.61,45.27,35.31145833333333,18.23550931440288,22.03,149.89,34.89577380952381,15.371276560852326,16.27,149.89,1.8900000000000006,-1.7399999999999984,4.360000000000003,7.731264204232893
2025-01-14 15:00:00+00:00,37.89,15,1,14,14,3,1,1,0,-0.7071067811865471,-0.7071067811865479,0.7818314824680298,0.6234898018587336,0.49999999999999994,0.8660254037844387,36.21,27.69,25.8,25.15,30.78,37.53,31.14,31.0,38.25,29.900000000000002,5.545728085652961,25.8,36.21,28.156666666666677,4.929055352364014,22.61,36.21,27.297500000000003,4.065779864809644,22.61,36.21,34.08958333333334,7.739949151145603,22.61,45.27,35.447291666666665,18.21701890033736,22.03,149.89,34.92654761904762,15.368685987025005,16.27,149.89,8.52,0.9200000000000017,12.650000000000002,7.739949151145603
2025-01-14 16:00:00+00:00,39.88,16,1,14,14,3,1,1,0,-0.8660254037844385,-0.5000000000000004,0.7818314824680298,0.6234898018587336,0.49999999999999994,0.8660254037844387,37.89,36.21,27.69,22.61,30.02,38.37,34.8,37.79,36.59,33.93,5.468893855250811,27.69,37.89,30.280000000000005,6.002072975231282,22.61,37.89,27.89,5.024456551346048,22.61,37.89,34.10458333333334,7.747251955520714,22.61,45.27,35.587916666666665,18.209112981344706,22.03,149.89,34.92440476190476,15.368244914087567,16.27,149.89,1.6799999999999997,0.35999999999999943,12.740000000000002,7.747251955520714
2025-01-14 17:00:00+00:00,41.96,17,1,14,14,3,1,1,0,-0.9659258262890683,-0.25881904510252063,0.7818314824680298,0.6234898018587336,0.49999999999999994,0.8660254037844387,39.88,37.89,36.21,31.48,25.47,40.78,38.24,34.92,43.06,37.99333333333334,1.837180811279456,36.21,39.88,33.15833333333334,5.722703615134055,25.8,39.88,28.71166666666667,6.096335461620088,22.61,39.88,34.167500000000004,7.789414919145686,22.61,45.27,35.69375,18.219196052165266,22.03,149.89,34.9439880952381,15.372475641650919,16.27,149.89,1.990000000000002,1.5100000000000051,17.270000000000003,7.789414919145686
2025-01-14 18:00:00+00:00,41.95,18,1,14,14,3,1,1,0,-1.0,-1.8369701987210297e-16,0.7818314824680298,0.6234898018587336,0.49999999999999994,0.8660254037844387,41.96,39.88,37.89,25.8,25.47,45.27,42.14,39.39,45.58,39.910000000000004,2.035165840908333,37.89,41.96,34.90500000000001,6.634668793542125,25.8,41.96,30.08583333333333,7.078573891210983,22.61,41.96,34.21666666666666,7.836549077832414,22.61,45.27,35.77125,18.238159741176773,22.03,149.89,34.93744047619048,15.369231998118988,16.27,149.89,2.0799999999999983,1.1799999999999997,10.48,7.836549077832414
2025-01-14 19:00:00+00:00,40.73,19,1,14,14,3,1,1,0,-0.9659258262890684,0.2588190451025203,0.7818314824680298,0.6234898018587336,0.49999999999999994,0.8660254037844387,41.95,41.96,39.88,27.69,23.33,41.6,36.08,41.21,41.63,41.263333333333335,1.1980122425641042,39.88,41.96,37.59666666666667,5.354525811560571,27.69,41.96,31.459166666666665,7.67515644890395,22.61,41.96,34.07833333333333,7.660268849105781,22.61,44.79,35.767291666666665,18.23676865035958,22.03,149.89,34.91583333333334,15.356726916138292,16.27,149.89,-0.00999999999999801,-3.3200000000000003,16.150000000000002,7.660268849105781
2025-01-14 20:00:00+00:00,43.51,20,1,14,14,3,1,1,0,-0.8660254037844386,0.5000000000000001,0.7818314824680298,0.6234898018587336,0.49999999999999994,0.8660254037844387,40.73,41.95,41.96,36.21,23.56,44.79,44.85,37.3,46.43,41.54666666666666,0.7072717535244037,40.73,41.96,39.77,2.3104198752611502,36.21,41.96,32.90916666666667,7.643317293062254,22.61,41.96,34.04208333333333,7.625104976706734,22.61,44.79,35.86416666666667,18.25081028027318,22.03,149.89,34.91047619047619,15.354527499794473,16.27,149.89,-1.220000000000006,-0.8700000000000045,13.039999999999996,7.625104976706734
2025-01-14 21:00:00+00:00,41.28,21,1,14,14,3,1,1,0,-0.7071067811865477,0.7071067811865474,0.7818314824680298,0.6234898018587336,0.49999999999999994,0.8660254037844387,43.51,40.73,41.95,37.89,25.15,42.57,34.3,39.13,44.71,42.06333333333333,1.3934609191984872,40.73,43.51,40.98666666666667,1.9556345943627695,37.89,43.51,34.571666666666665,7.5944188039439275,22.61,43.51,33.98875,7.550774974622936,22.61,43.51,35.83625,18.237793192486727,22.03,149.89,34.893095238095235,15.343057996549652,16.27,149.89,2.780000000000001,-1.2800000000000011,7.299999999999997,7.550774974622936
2025-01-14 22:00:00+00:00,44.42,22,1,14,14,3,1,1,0,-0.5000000000000004,0.8660254037844384,0.7818314824680298,0.6234898018587336,0.49999999999999994,0.8660254037844387,41.28,43.51,40.73,39.88,22.61,41.53,37.8,30.18,44.74,41.839999999999996,1.4721752613055812,40.73,43.51,41.55166666666667,1.241280253072789,39.88,43.51,35.91583333333333,7.192039106898095,22.61,43.51,33.934999999999995,7.491391581414475,22.61,43.51,35.98166666666666,18.253104117631015,22.03,149.89,34.87267857142857,15.33219490375477,16.27,149.89,-2.229999999999997,-1.2899999999999991,3.3900000000000006,7.491391581414475
2025-01-14 23:00:00+00:00,40.02,23,1,14,14,3,1,1,0,-0.25881904510252157,0.9659258262890681,0.7818314824680298,0.6234898018587336,0.49999999999999994,0.8660254037844387,44.42,41.28,43.51,41.96,31.48,43.24,38.06,34.13,45.84,43.06999999999999,1.6155803910669881,41.28,44.42,42.30833333333334,1.3929453207748212,40.73,44.42,37.73333333333333,6.21300444571096,25.8,44.42,34.055416666666666,7.640524099464216,22.61,44.42,36.11958333333333,18.29210339548752,22.03,149.89,34.87077380952381,15.330981547377082,16.27,149.89,3.1400000000000006,2.8900000000000006,4.539999999999999,7.640524099464216
2025-01-15 00:00:00+00:00,36.16,0,2,15,15,3,1,1,0,0.0,1.0,0.9749279121818236,-0.22252093395631434,0.49999999999999994,0.8660254037844387,40.02,44.42,41.28,41.95,25.8,40.38,149.89,33.89,38.31,41.906666666666666,2.265950867369699,40.02,44.42,41.98500000000001,1.684597874865628,40.02,44.42,38.445,5.913487664960183,25.8,44.42,33.92125,7.4991960801026405,22.61,44.42,36.16041666666667,18.298713587890038,22.03,149.89,34.836130952380955,15.31261097921295,16.27,149.89,-4.399999999999999,-3.219999999999999,-1.9399999999999977,7.4991960801026405
2025-01-15 01:00:00+00:00,126.87,1,2,15,15,3,1,1,0,0.25881904510252074,0.9659258262890683,0.9749279121818236,-0.22252093395631434,0.49999999999999994,0.8660254037844387,36.16,40.02,44.42,40.73,27.69,37.94,34.45,28.99,34.63,40.199999999999996,4.1329408415800195,36.16,44.42,41.02,2.916552759680812,36.16,44.42,39.30833333333333,4.4827321890547625,27.69,44.42,33.745416666666664,7.3898496655690415,22.61,44.42,33.791041666666665,7.342285063634769,22.03,45.27,34.82333333333333,15.310588589407395,16.27,149.89,-3.8600000000000065,-4.220000000000006,-5.790000000000006,7.3898496655690415
2025-01-15 02:00:00+00:00,34.25,2,2,15,15,3,1,1,0,0.49999999999999994,0.8660254037844387,0.9749279121818236,-0.22252093395631434,0.49999999999999994,0.8660254037844387,126.87,36.16,40.02,43.51,36.21,36.58,32.9,33.6,31.7,67.68333333333334,51.29347944264782,36.16,126.87,55.376666666666665,35.145373901363875,36.16,126.87,47.57333333333333,25.105922638197367,36.16,126.87,37.450833333333335,20.410033746572598,22.61,126.87,35.716458333333335,15.311684662038882,22.03,126.87,35.37238095238096,16.87734296844043,16.27,149.89,90.71000000000001,88.93,86.14000000000001,20.410033746572598
2025-01-15 03:00:00+00:00,29.22,3,2,15,15,3,1,1,0,0.7071067811865476,0.7071067811865476,0.9749279121818236,-0.22252093395631434,0.49999999999999994,0.8660254037844387,34.25,126.87,36.16,41.28,37.89,30.78,29.6,23.35,29.29,65.75999999999999,52.931428282259695,34.25,126.87,53.833333333333336,35.96446449853896,34.25,126.87,47.41,25.19279586779449,34.25,126.87,37.35375,20.419895203176143,22.61,126.87,35.74458333333333,15.30764055617859,22.03,126.87,35.38755952380952,16.875166976225085,16.27,149.89,-92.62,-2.3299999999999983,-9.259999999999998,20.419895203176143
2025-01-15 04:00:00+00:00,26.16,4,2,15,15,3,1,1,0,0.8660254037844386,0.5000000000000001,0.9749279121818236,-0.22252093395631434,0.49999999999999994,0.8660254037844387,29.22,34.25,126.87,44.42,39.88,30.02,26.94,23.42,28.73,63.44666666666666,54.98376699839085,29.22,126.87,51.823333333333345,37.12466278185795,29.22,126.87,46.6875,25.611482199485156,29.22,126.87,37.28875,20.44419877586199,22.61,126.87,35.73666666666667,15.310983866177741,22.03,126.87,35.387142857142855,16.875319296792323,16.27,149.89,-5.030000000000001,-1.5600000000000023,-12.060000000000002,20.44419877586199
2025-01-15 05:00:00+00:00,26.76,5,2,15,15,3,1,1,0,0.9659258262890683,0.25881904510252074,0.9749279121818236,-0.22252093395631434,0.49999999999999994,0.8660254037844387,26.16,29.22,34.25,40.02,41.96,25.47,28.47,22.77,27.7,29.87666666666666,4.084780695867746,26.16,34.25,48.78000000000001,38.57312276702526,26.16,126.87,45.54416666666666,26.241497136590674,26.16,126.87,37.12791666666667,20.518914493528992,22.61,126.87,35.72041666666667,15.320929358835912,22.03,126.87,35.37184523809524,16.88255350183652,16.27,149.89,-3.0599999999999987,-3.8599999999999994,-18.26,20.518914493528992
2025-01-15 06:00:00+00:00,25.17,6,2,15,15,3,1,1,0,1.0,6.123233995736766e-17,0.9749279121818236,-0.22252093395631434,0.49999999999999994,0.8660254037844387,26.76,26.16,29.22,36.16,41.95,25.47,25.65,24.46,25.95,27.379999999999995,1.6214808046968625,26.16,29.22,46.57,39.543058050687,26.16,126.87,44.2775,26.791320210776536,26.16,126.87,37.181666666666665,20.488715805592093,22.61,126.87,35.68479166666667,15.340123163751928,22.03,126.87,35.36625,16.88526689007615,16.27,149.89,0.6000000000000014,1.2900000000000027,-13.260000000000002,20.488715805592093
2025-01-15 07:00:00+00:00,22.29,7,2,15,15,3,1,1,0,0.9659258262890683,-0.25881904510252063,0.9749279121818236,-0.22252093395631434,0.49999999999999994,0.8660254037844387,25.17,26.76,26.16,126.87,40.73,23.33,22.03,16.27,26.33,26.029999999999998,0.8029321266460512,25.17,26.76,44.738333333333344,40.36763328047198,25.17,126.87,42.87916666666666,27.355801265522956,25.17,126.87,37.16916666666666,20.496261783589947,22.61,126.87,35.674791666666664,15.346958807416057,22.03,126.87,35.361607142857146,16.887978551541153,16.27,149.89,-1.5899999999999999,-0.29999999999999716,-10.989999999999995,20.496261783589947
2025-01-15 08:00:00+00:00,22.04,8,2,15,15,3,1,1,0,0.8660254037844387,-0.4999999999999998,0.9749279121818236,-0.22252093395631434,0.49999999999999994,0.8660254037844387,22.29,25.17,26.76,34.25,43.51,23.56,25.67,22.43,23.95,24.74,2.2658111130454626,22.29,26.76,27.308333333333337,4.079624574230816,22.29,34.25,41.3425,27.99788502564239,22.29,126.87,37.12583333333334,20.527867784967388,22.29,126.87,35.68020833333333,15.342085559576844,22.29,126.87,35.337559523809524,16.90378508783867,16.27,149.89,-2.8800000000000026,-1.0399999999999991,-104.58000000000001,20.527867784967388
2025-01-15 09:00:00+00:00,24.14,9,2,15,15,3,1,1,0,0.7071067811865476,-0.7071067811865475,0.9749279121818236,-0.22252093395631434,0.49999999999999994,0.8660254037844387,22.04,22.29,25.17,29.22,41.28,25.15,24.53,19.88,27.9,23.16666666666666,1.739434774095771,22.04,25.17,25.27333333333334,2.7545574357177416,22.04,29.22,39.553333333333335,28.527773176752543,22.04,126.87,37.0625,20.57383463866498,22.04,126.87,35.60458333333334,15.401310521515445,22.04,126.87,35.326190476190476,16.912130175624657,16.27,149.89,-0.25,-1.5199999999999996,-12.21,20.57383463866498
2025-01-15 10:00:00+00:00,20.94,10,2,15,15,3,1,1,0,0.49999999999999994,-0.8660254037844387,0.9749279121818236,-0.22252093395631434,0.49999999999999994,0.8660254037844387,24.14,22.04,22.29,26.16,44.42,22.61,26.79,18.4,24.6,22.823333333333327,1.1470977871714305,22.04,24.14,24.426666666666673,1.9669841551644167,22.04,26.76,38.125,28.86060558175199,22.04,126.87,37.02041666666667,20.600276798302183,22.04,126.87,35.59645833333334,15.40737892983713,22.04,126.87,35.30380952380953,16.92450000356546,16.27,149.89,2.1000000000000014,-1.009999999999998,-5.079999999999998,20.600276798302183
2025-01-15 11:00:00+00:00,22.63,11,2,15,15,3,1,1,0,0.258819045102521,-0.9659258262890682,0.9749279121818236,-0.22252093395631434,0.49999999999999994,0.8660254037844387,20.94,24.14,22.04,26.76,40.02,31.48,27.92,23.6,33.65,22.37333333333333,1.6258331197677014,20.94,24.14,23.556666666666672,2.1888870840378796,20.94,26.76,36.16833333333334,29.189093178892353,20.94,126.87,36.950833333333335,20.65381929448585,20.94,126.87,35.474583333333335,15.501372205331611,20.94,126.87,35.28202380952381,16.940708634922036,16.27,149.89,-3.1999999999999993,-1.6699999999999982,-5.219999999999999,20.65381929448585
2025-01-15 12:00:00+00:00,26.42,12,2,15,15,3,1,1,0,1.2246467991473532e-16,-1.0,0.9749279121818236,-0.22252093395631434,0.49999999999999994,0.8660254037844387,22.63,20.94,24.14,25.17,36.16,25.8,26.35,25.02,30.49,22.569999999999993,1.6008435276441757,20.94,24.14,22.86833333333334,1.5304040860726411,20.94,25.17,34.719166666666666,29.411322636740156,20.94,126.87,36.58208333333334,20.8339591050946,20.94,126.87,35.364375,15.574855609624082,20.94,126.87,35.21642857142857,16.968378137865685,16.27,149.89,1.6899999999999977,-8.850000000000001,-4.130000000000003,20.8339591050946
2025-01-15 13:00:00+00:00,30.1,13,2,15,15,3,1,1,0,-0.2588190451025208,-0.9659258262890683,0.9749279121818236,-0.22252093395631434,0.49999999999999994,0.8660254037844387,26.42,22.63,20.94,22.29,126.87,27.69,29.43,25.43,29.19,23.329999999999995,2.8062608574400714,20.94,26.42,23.07666666666667,1.9373659093387183,20.94,26.42,33.907500000000006,29.50220242163748,20.94,126.87,36.60791666666667,20.82038841452975,20.94,126.87,35.365833333333335,15.57399685418566,20.94,126.87,35.19220238095239,16.978069243592863,16.27,149.89,3.7900000000000027,0.620000000000001,1.25,20.82038841452975
2025-01-15 14:00:00+00:00,34.0,14,2,15,15,3,1,1,0,-0.4999999999999997,-0.8660254037844388,0.9749279121818236,-0.22252093395631434,0.49999999999999994,0.8660254037844387,30.1,26.42,22.63,22.04,34.25,36.21,35.29,29.69,31.24,26.38333333333333,3.7351349819429203,22.63,30.1,24.37833333333334,3.385536392754899,20.94,30.1,25.843333333333334,3.887984599046647,20.94,34.25,36.708333333333336,20.781282269235067,20.94,126.87,35.37979166666667,15.56886301887055,20.94,126.87,35.19761904761905,16.976287909414935,16.27,149.89,3.6799999999999997,2.41,7.810000000000002,20.781282269235067
2025-01-15 15:00:00+00:00,39.5,15,2,15,15,3,1,1,0,-0.7071067811865471,-0.7071067811865479,0.9749279121818236,-0.22252093395631434,0.49999999999999994,0.8660254037844387,34.0,30.1,26.42,24.14,29.22,37.89,37.53,31.14,108.32,30.17333333333333,3.7905320646755993,26.42,34.0,26.37166666666667,4.910757239639104,20.94,34.0,25.8225,3.8392071269516106,20.94,34.0,36.61625,20.788481512293224,20.94,126.87,35.352916666666665,15.570134663506181,20.94,126.87,35.21404761904762,16.973770333283657,16.27,149.89,3.8999999999999986,-2.210000000000001,11.96,20.788481512293224
2025-01-15 16:00:00+00:00,40.36,16,2,15,15,3,1,1,0,-0.8660254037844385,-0.5000000000000004,0.9749279121818236,-0.22252093395631434,0.49999999999999994,0.8660254037844387,39.5,34.0,30.1,20.94,26.16,39.88,38.37,34.8,38.36,34.53333333333333,4.722640504350719,30.1,39.5,28.931666666666672,7.051650634189693,20.94,39.5,26.679166666666664,5.467749176819081,20.94,39.5,36.68333333333333,20.7953670983136,20.94,126.87,35.39395833333333,15.578589472595848,20.94,126.87,34.80440476190476,16.001474546663573,16.27,149.89,5.5,1.6099999999999994,15.36,20.7953670983136
2025-01-15 17:00:00+00:00,39.89,17,2,15,15,3,1,1,0,-0.9659258262890683,-0.25881904510252063,0.9749279121818236,-0.22252093395631434,0.49999999999999994,0.8660254037844387,40.36,39.5,34.0,22.63,26.76,41.96,40.78,38.24,42.78,37.953333333333326,3.4505844915512665,34.0,40.36,32.16833333333334,7.106516493097581,22.63,40.36,27.862499999999997,6.734925423087113,20.94,40.36,36.70333333333333,20.79880570707319,20.94,126.87,35.43541666666667,15.58932217192724,20.94,126.87,34.81630952380952,16.004879291926272,16.27,149.89,0.8599999999999994,0.4799999999999969,19.419999999999998,20.79880570707319
2025-01-15 18:00:00+00:00,41.83,18,2,15,15,3,1,1,0,-1.0,-1.8369701987210297e-16,0.9749279121818236,-0.22252093395631434,0.49999999999999994,0.8660254037844387,39.89,40.36,39.5,26.42,25.17,41.95,45.27,42.14,43.76,39.916666666666664,0.4306197084831899,39.5,40.36,35.04500000000001,5.8567217792892725,26.42,40.36,28.956666666666667,7.556034714455743,20.94,40.36,36.61708333333333,20.7803430275003,20.94,126.87,35.416875000000005,15.583358302498308,20.94,126.87,34.799107142857146,15.99782005472689,16.27,149.89,-0.46999999999999886,-2.0700000000000003,17.26,20.7803430275003
2025-01-15 19:00:00+00:00,40.37,19,2,15,15,3,1,1,0,-0.9659258262890684,0.2588190451025203,0.9749279121818236,-0.22252093395631434,0.49999999999999994,0.8660254037844387,41.83,39.89,40.36,30.1,22.29,40.73,41.6,36.08,43.4,40.69333333333333,1.012044136060352,39.89,41.83,37.61333333333334,4.551341194270981,30.1,41.83,30.345000000000002,8.291751103574928,20.94,41.83,36.61208333333334,20.779018468505516,20.94,126.87,35.34520833333334,15.544943214117644,20.94,126.87,34.787619047619046,15.992038597024989,16.27,149.89,1.9399999999999977,-0.12000000000000455,15.409999999999997,20.779018468505516
2025-01-15 20:00:00+00:00,43.17,20,2,15,15,3,1,1,0,-0.8660254037844386,0.5000000000000001,0.9749279121818236,-0.22252093395631434,0.49999999999999994,0.8660254037844387,40.37,41.83,39.89,34.0,22.04,43.51,44.79,44.85,41.8,40.69666666666666,1.0104124570363058,39.89,41.83,39.32500000000001,2.7255733341815183,34.0,41.83,31.85166666666667,8.337546874158342,20.94,41.83,36.59708333333334,20.776046299015633,20.94,126.87,35.319583333333334,15.535424030991088,20.94,126.87,34.76958333333333,15.983974023184986,16.27,149.89,-1.4600000000000009,-0.35999999999999943,10.269999999999996,20.776046299015633
2025-01-15 21:00:00+00:00,42.16,21,2,15,15,3,1,1,0,-0.7071067811865477,0.7071067811865474,0.9749279121818236,-0.22252093395631434,0.49999999999999994,0.8660254037844387,43.17,40.37,41.83,39.5,24.14,41.28,42.57,34.3,39.79,41.79,1.4004285058512707,40.37,43.17,40.85333333333334,1.3825580156608428,39.5,43.17,33.6125,8.308216223605491,20.94,43.17,36.58291666666667,20.77124297199014,20.94,126.87,35.285833333333336,15.516159981367048,20.94,126.87,34.77773809523809,15.987931290475306,16.27,149.89,2.8000000000000043,-0.3399999999999963,9.170000000000002,20.77124297199014
2025-01-15 22:00:00+00:00,42.69,22,2,15,15,3,1,1,0,-0.5000000000000004,0.8660254037844384,0.9749279121818236,-0.22252093395631434,0.49999999999999994,0.8660254037844387,42.16,43.17,40.37,40.36,20.94,44.42,41.53,37.8,41.47,41.9,1.4179915373516239,40.37,43.17,41.29666666666667,1.284829430962747,39.89,43.17,35.11416666666667,8.065428420490774,20.94,43.17,36.61958333333333,20.780669629576995,20.94,126.87,35.27729166666667,15.512177061577033,20.94,126.87,34.791845238095235,15.993425057744881,16.27,149.89,-1.0100000000000051,0.8799999999999955,2.6599999999999966,20.780669629576995
2025-01-15 23:00:00+00:00,38.22,23,2,15,15,3,1,1,0,-0.25881904510252157,0.9659258262890681,0.9749279121818236,-0.22252093395631434,0.49999999999999994,0.8660254037844387,42.69,42.16,43.17,39.89,22.63,40.02,43.24,38.06,43.13,42.673333333333325,0.5052062285187632,42.16,43.17,41.685,1.2971622874572803,39.89,43.17,36.92666666666667,6.958492957704559,22.63,43.17,36.54750000000001,20.755420507298403,20.94,126.87,35.301458333333336,15.523025312396134,20.94,126.87,34.799107142857146,15.996752096633442,16.27,149.89,0.5300000000000011,-1.730000000000004,2.3299999999999983,20.755420507298403
2025-01-16 00:00:00+00:00,39.42,0,3,16,16,3,1,1,0,0.0,1.0,0.43388373911755823,-0.900968867902419,0.49999999999999994,0.8660254037844387,38.22,42.69,42.16,41.83,26.42,36.16,40.38,149.89,39.36,41.023333333333326,2.4421779896916096,38.22,42.69,41.40666666666667,1.8293459669149676,38.22,43.17,38.225833333333334,5.305664997020239,26.42,43.17,36.4725,20.745576846538942,20.94,126.87,35.196875,15.485267694118528,20.94,126.87,34.76988095238095,15.98592198724084,16.27,149.89,-4.469999999999999,-1.8000000000000043,-1.6700000000000017,20.745576846538942
2025-01-16 01:00:00+00:00,39.54,1,3,16,16,3,1,1,0,0.25881904510252074,0.9659258262890683,0.43388373911755823,-0.900968867902419,0.49999999999999994,0.8660254037844387,39.42,38.22,42.69,40.37,30.1,126.87,37.94,34.45,33.29,40.10999999999999,2.313503836175946,38.22,42.69,41.005,1.9764690738793183,38.22,43.17,39.30916666666666,3.785329235910947,30.1,43.17,36.608333333333334,20.754112566086693,20.94,126.87,35.176875,15.479049692674876,20.94,126.87,34.77023809523809,15.986025819441728,16.27,149.89,1.2000000000000028,3.260000000000005,-2.4099999999999966,20.754112566086693
2025-01-16 02:00:00+00:00,32.85,2,3,16,16,3,1,1,0,0.49999999999999994,0.8660254037844387,0.43388373911755823,-0.900968867902419,0.49999999999999994,0.8660254037844387,39.54,39.42,38.22,43.17,34.0,34.25,36.58,32.9,34.25,39.059999999999995,0.7299315036363508,38.22,39.54,40.86666666666667,2.0571987426274667,38.22,43.17,40.09583333333334,2.4389694482909627,34.0,43.17,32.96958333333333,7.941409073943421,20.94,43.17,35.210208333333334,15.486847335116531,20.94,126.87,34.80744047619048,15.98983239800206,16.27,149.89,0.11999999999999744,-87.33000000000001,-0.8299999999999983,7.941409073943421
2025-01-16 03:00:00+00:00,31.54,3,3,16,16,3,1,1,0,0.7071067811865476,0.7071067811865476,0.43388373911755823,-0.900968867902419,0.49999999999999994,0.8660254037844387,32.85,39.54,39.42,42.16,39.5,29.22,30.78,29.6,32.2,37.269999999999996,3.828302495885197,32.85,39.54,39.14666666666667,3.531898450786481,32.85,42.69,39.99999999999999,2.7080183966072657,32.85,43.17,32.91125,7.936735344887302,20.94,43.17,35.1325,15.48918572643783,20.94,126.87,34.799107142857146,15.99048945749467,16.27,149.89,-6.689999999999998,-1.3999999999999986,-10.32,7.936735344887302
2025-01-16 04:00:00+00:00,29.85,4,3,16,16,3,1,1,0,0.8660254037844386,0.5000000000000001,0.43388373911755823,-0.900968867902419,0.49999999999999994,0.8660254037844387,31.54,32.85,39.54,42.69,40.36,26.16,30.02,26.94,26.61,34.643333333333324,4.290924531302572,31.54,39.54,37.37666666666667,4.29779788573961,31.54,42.69,39.336666666666666,3.6520040160620137,31.54,43.17,33.00791666666667,7.903882908813404,20.94,43.17,35.14833333333333,15.485029741634051,20.94,126.87,34.79517857142857,15.991212892969711,16.27,149.89,-1.3100000000000023,2.3200000000000003,-10.619999999999997,7.903882908813404
2025-01-16 05:00:00+00:00,25.05,5,3,16,16,3,1,1,0,0.9659258262890683,0.25881904510252074,0.43388373911755823,-0.900968867902419,0.49999999999999994,0.8660254037844387,29.85,31.54,32.85,38.22,39.89,26.76,25.47,28.47,27.13,31.41333333333333,1.5040057624006133,29.85,32.85,35.23666666666667,4.3196512204884945,29.85,39.54,38.46083333333333,4.537250786210679,29.85,43.17,33.16166666666667,7.800090672085445,20.94,43.17,35.14479166666667,15.486247019991149,20.94,126.87,34.81446428571429,15.983234058499452,16.27,149.89,-1.6899999999999977,3.6900000000000013,-12.839999999999996,7.800090672085445
2025-01-16 06:00:00+00:00,25.02,6,3,16,16,3,1,1,0,1.0,6.123233995736766e-17,0.43388373911755823,-0.900968867902419,0.49999999999999994,0.8660254037844387,25.05,29.85,31.54,39.42,41.83,25.17,25.47,25.65,25.31,28.81333333333333,3.3669026319949147,25.05,31.54,33.04166666666667,5.64369884620606,25.05,39.54,37.22416666666666,5.923058881621152,25.05,43.17,33.09041666666666,7.8686181755600755,20.94,43.17,35.136041666666664,15.491947357720962,20.94,126.87,34.802083333333336,15.990026414472526,16.27,149.89,-4.800000000000001,-1.7100000000000009,-13.169999999999998,7.8686181755600755
2025-01-16 07:00:00+00:00,23.49,7,3,16,16,3,1,1,0,0.9659258262890683,-0.25881904510252063,0.43388373911755823,-0.900968867902419,0.49999999999999994,0.8660254037844387,25.02,25.05,29.85,39.54,40.37,22.29,23.33,22.03,69.53,26.639999999999997,2.7799820143304883,25.02,29.85,30.64166666666667,5.447213660823987,25.02,39.54,35.82333333333333,6.674843319010041,25.02,43.17,33.08416666666667,7.875239632885026,20.94,43.17,35.126666666666665,15.498056203901545,20.94,126.87,34.800357142857145,15.991072879820582,16.27,149.89,-0.030000000000001137,-0.15000000000000213,-14.400000000000002,7.875239632885026
